party,venue,account_name,account_type,asset,amount,amount_usd,conv_rate,amount_old,amount_usd_old,conv_rate_old,diff
APCAPKY,BINANCE,apcapital1@hiddenroad.com,AccountType.MAIN,USDT,8.3e-07,8.302773781414355e-07,1.00033419053185,8.3e-07,8.301064059029813e-07,1.00012819988311,0.0
APCAPKY,FTX,APCAPKY1,AccountType.UNIVERSAL,USD,0.00613253,0.00613253,1.0,0.00613253,0.00613253,1.0,0.0
APCAPKY,HRP,Main Account,AccountType.MAIN,ETH,0.00504763,15.733029838113673,,0.00504763,12.93684384801743,,0.0
APCAPKY,HRP,Main Account,AccountType.MAIN,USD,944752.1949488572,944752.1949488572,,963166.0550149486,963166.0550149486,,-18413.86006609141
APCAPKY,HRP,Main Account,AccountType.MAIN,USDC,-1.0,-0.999878886483735,,0.0,0.0,,-1.0
APCAPKY,HRP,Main Account,AccountType.MAIN,USDT,-19.190001680050045,-19.1964147969177,,1999980.80999832,2000237.207304384,,-2000000.0
APCAPKY,OKEX,APCAPKY1,AccountType.MAIN,USDT,8.5e-07,8.502840619520725e-07,1.00033419053185,8.5e-07,8.501089699006435e-07,1.00012819988311,0.0
APCAPKY,OKEX,APCAPKY1,AccountType.UNIVERSAL,ETH,1.7822682e-09,5.555177136620779e-06,3116.91424254822,1.7822682e-09,4.567871535490339e-06,2562.95406914085,0.0
APCAPKY,OKEX,APCAPKY1,AccountType.UNIVERSAL,USDT,1.971e-09,1.971658689538276e-09,1.00033419053185,1.971e-09,1.9712526819696102e-09,1.00012819988311,0.0
BELVEKY,HRP,Main Account,AccountType.MAIN,USD,251000.0,251000.0,,993764.8279568664,993764.8279568664,,-742764.8279568664
BINANCE,BINANCE,apcapital1@hiddenroad.com,AccountType.MAIN,USDT,8.3e-07,8.302773781414355e-07,1.00033419053185,8.3e-07,8.301064059029813e-07,1.00012819988311,0.0
BINANCE,BINANCE,binancebvi@hiddenroad.com,AccountType.MAIN,BNB,11020.9815,5163908.492712721,468.552505302066,11020.8815,4212725.625897673,382.24942586468,0.1000000000003638
BINANCE,BINANCE,binancebvi@hiddenroad.com,AccountType.MAIN,BTC,3.99993941,166779.89840430842,41695.6061852718,0.73893941,28506.29912463948,38577.3160002922,3.261
BINANCE,BINANCE,binancebvi@hiddenroad.com,AccountType.MAIN,BUSD,19000.0,19000.906476196506,1.0000477092735,2219000.0,2218783.363989793,0.999902372235148,-2200000.0
BINANCE,BINANCE,binancebvi@hiddenroad.com,AccountType.MAIN,ETH,0.00254562,7.9344792341156,3116.91424254822,330.00259166,845781.4851220234,2562.95406914085,-330.00004604000003
BINANCE,BINANCE,binancebvi@hiddenroad.com,AccountType.MAIN,USDC,10000.0,9998.78886483735,0.999878886483735,8800.0,8797.615666304413,0.999729052989138,1200.0
BINANCE,BINANCE,binancebvi@hiddenroad.com,AccountType.MAIN,USDT,5931.93177494,5933.914170374765,1.00033419053185,1237166.41856248,1237325.0231527274,1.00012819988311,-1231234.48678754
BINANCE,BINANCE,binancebvi@hiddenroad.com,AccountType.UMFUTURE,BNB,32.0,14993.680169666111,468.552505302066,32.0,12231.98162766976,382.24942586468,0.0
BINANCE,BINANCE,fasanara@hiddenroad.com,AccountType.CMFUTURE,BTC,33.36509904,1391178.02990443,41695.6061852718,59.49965996,2295337.184186853,38577.3160002922,-26.134560920000006
BINANCE,BINANCE,fasanara@hiddenroad.com,AccountType.CMFUTURE,ETH,1056.4636139,3292906.4848988736,3116.91424254822,422.47549556,1082785.290457799,2562.95406914085,633.9881183399999
BINANCE,BINANCE,fasanara@hiddenroad.com,AccountType.MAIN,BNB,14.20840223,6657.382461205962,468.552505302066,1e-07,3.8224942586468e-05,382.24942586468,14.208402130000001
BINANCE,BINANCE,fasanara@hiddenroad.com,AccountType.MAIN,BTC,30.35713995,1265759.3522663815,41695.6061852718,172.18577581,6642465.084177839,38577.3160002922,-141.82863586
BINANCE,BINANCE,fasanara@hiddenroad.com,AccountType.MAIN,BUSD,3672482.24751285,3672657.458972821,1.0000477092735,2258.52339827,2258.302903678761,0.999902372235148,3670223.72411458
BINANCE,BINANCE,fasanara@hiddenroad.com,AccountType.MAIN,ETH,615.6884051,1919047.958827988,3116.91424254822,1784.26896558,4572999.405774997,2562.95406914085,-1168.58056048
BINANCE,BINANCE,fasanara@hiddenroad.com,AccountType.MAIN,LUNA,51.36,4108.102721985307,79.9864237146672,80.31106039,6846.867520600609,85.2543533524699,-28.951060389999995
BINANCE,BINANCE,fasanara@hiddenroad.com,AccountType.MAIN,USDT,885070.0304,885365.8124241838,1.00033419053185,885972.19065482,886085.7721861006,1.00012819988311,-902.1602548199007
BINANCE,BINANCE,fasanara@hiddenroad.com,AccountType.MARGIN,BUSD,691928.35835041,691961.369749701,1.0000477092735,0.35835041,0.3583154250504379,0.999902372235148,691928.0
BINANCE,BINANCE,fasanara@hiddenroad.com,AccountType.UMFUTURE,USDT,7537368.37958451,7539887.296732032,1.00033419053185,4542300.75047481,4542883.072900071,1.00012819988311,2995067.6291097
BINANCE,BINANCE,hcdigital@hiddenroad.com,AccountType.MAIN,BTC,13.47850237,561994.3267867726,41695.6061852718,3.31966486,128063.76031928578,38577.3160002922,10.15883751
BINANCE,BINANCE,hcdigital@hiddenroad.com,AccountType.MAIN,ETH,0.99646944,3105.909789800049,3116.91424254822,1.39026944,3563.196718450171,2562.95406914085,-0.39379999999999993
BINANCE,BINANCE,hcdigital@hiddenroad.com,AccountType.MAIN,USDT,449333.84511767,449484.008234348,1.00033419053185,802720.33792347,802823.2465769617,1.00012819988311,-353386.49280579994
BINANCE,BINANCE,hcdigital@hiddenroad.com,AccountType.UMFUTURE,USDT,634854.42513574,635066.5874737233,1.00033419053185,651029.72131667,651113.1832508439,1.00012819988311,-16175.296180929989
BINANCE,BINANCE,hrp_02203487751@hiddenroad.com,AccountType.MAIN,USDT,1.9358,1.936446926031555,1.00033419053185,0.75189526,0.7519916528844429,1.00012819988311,1.18390474
BINANCE,BINANCE,hrp_02203487751@hiddenroad.com,AccountType.UMFUTURE,BNB,17.58164821,8237.925316135084,468.552505302066,11.77195753,4499.824007145897,382.24942586468,5.809690680000001
BINANCE,BINANCE,hrp_02203487751@hiddenroad.com,AccountType.UMFUTURE,USDT,489721.13416683,489884.79433311534,1.00033419053185,915964.66845506,916082.0950184888,1.00012819988311,-426243.53428823
BINANCE,BINANCE,hrp_02203487752@hiddenroad.com,AccountType.MAIN,ADA,4755.7,6413.787150081324,1.34865259584947,1957.8,1558.1638114351122,0.795874865377011,2797.8999999999996
BINANCE,BINANCE,hrp_02203487752@hiddenroad.com,AccountType.MAIN,BNB,1.0,468.552505302066,468.552505302066,0.99928714,381.9769355389581,382.24942586468,0.0007128600000000374
BINANCE,BINANCE,hrp_02203487752@hiddenroad.com,AccountType.MAIN,BTC,0.02501,1042.8071106936477,41695.6061852718,0.00135,52.07937660039448,38577.3160002922,0.02366
BINANCE,BINANCE,hrp_02203487752@hiddenroad.com,AccountType.MAIN,ETH,0.0506,157.71586067293993,3116.91424254822,0.0016,4.1007265106253605,2562.95406914085,0.049
BINANCE,BINANCE,hrp_02203487752@hiddenroad.com,AccountType.MAIN,USDT,4570.9761167,4572.503693639513,1.00033419053185,9926.51187272,9927.784450381772,1.00012819988311,-5355.535756020001
BINANCE,BINANCE,hrp_02203487752@hiddenroad.com,AccountType.UMFUTURE,USDT,12000.6782948,12004.6888078619,1.00033419053185,11393.33546214,11394.79608641448,1.00012819988311,607.3428326600006
BINANCE,BINANCE,hrp_31005948301@hiddenroad.com,AccountType.MAIN,BTC,5.4e-06,0.2251562734004677,41695.6061852718,5.4e-06,0.2083175064015779,38577.3160002922,0.0
BINANCE,BINANCE,hrp_31005948301@hiddenroad.com,AccountType.MAIN,SHIB,327304655.48,9041.876960545203,2.76252623027469e-05,327268655.48,7515.508734299026,2.29643401787933e-05,36000.0
BINANCE,BINANCE,hrp_31005948301@hiddenroad.com,AccountType.MAIN,USDT,9998.90321743,10002.244756214148,1.00033419053185,10001.96760662,10003.24985769804,1.00012819988311,-3.064389190001748
BINANCE,BINANCE,hrp_31005948301@hiddenroad.com,AccountType.UMFUTURE,USDT,79516.25251503,79542.82609374872,1.00033419053185,79499.78706378,79509.97892718884,1.00012819988311,16.465451250012848
BINANCE,BINANCE,hrp_40120581901@hiddenroad.com,AccountType.MAIN,ADA,73.5,99.12596579493604,1.34865259584947,2.2,1.7509247038294244,0.795874865377011,71.3
BINANCE,BINANCE,hrp_40120581901@hiddenroad.com,AccountType.MAIN,BTC,0.00458,190.9658763285448,41695.6061852718,0.71472,27571.979291728843,38577.3160002922,-0.71014
BINANCE,BINANCE,hrp_40120581901@hiddenroad.com,AccountType.MAIN,BUSD,64199.5673444,64202.63025911702,1.0000477092735,43115.33698701,43111.12773302912,0.999902372235148,21084.23035739
BINANCE,BINANCE,hrp_40120581901@hiddenroad.com,AccountType.MAIN,DOT,1.52,36.71748321362464,24.156238956332,0.14,2.3759523524415,16.971088231725,1.38
BINANCE,BINANCE,hrp_40120581901@hiddenroad.com,AccountType.MAIN,ETC,4.49,142.581394977791,31.7553218213343,0.07,1.835258585567428,26.2179797938204,4.42
BINANCE,BINANCE,hrp_40120581901@hiddenroad.com,AccountType.MAIN,ETH,0.1395,434.8095368354768,3116.91424254822,24.9136,63852.41249694748,2562.95406914085,-24.774099999999997
BINANCE,BINANCE,hrp_40120581901@hiddenroad.com,AccountType.MAIN,EUR,9715.4367813,11021.70095372879,1.13445243912688,4657.09084397,5076.81010540438,1.09012477434874,5058.345937330001
BINANCE,BINANCE,hrp_40120581901@hiddenroad.com,AccountType.MAIN,FIL,0.26,7.272358475965128,27.9706095229428,56.76,1015.7213799156868,17.8950207878028,-56.5
BINANCE,BINANCE,hrp_40120581901@hiddenroad.com,AccountType.MAIN,LINK,0.37,8.048824677107334,21.7535802083982,0.31,4.034296352006758,13.0138592000218,0.06
BINANCE,BINANCE,hrp_40120581901@hiddenroad.com,AccountType.MAIN,LTC,0.036,4.93080526827486,136.966813007635,0.036,3.586206939116231,99.6168594198953,0.0
BINANCE,BINANCE,hrp_40120581901@hiddenroad.com,AccountType.MAIN,OMG,1.4,7.753466990131687,5.53819070723692,58.6,221.12192278027212,3.77341165154048,-57.2
BINANCE,BINANCE,hrp_40120581901@hiddenroad.com,AccountType.MAIN,USDT,170769.9544075,170827.02410938742,1.00033419053185,61660.35935117,61668.26420203134,1.00012819988311,109109.59505632998
BINANCE,BINANCE,hrp_40120581901@hiddenroad.com,AccountType.MAIN,XRP,39.0,28.821467529621238,0.739011987939006,9777.0,7027.113635555466,0.718739248803873,-9738.0
BINANCE,BINANCE,hrp_52359464322@hiddenroad.com,AccountType.CMFUTURE,ETH,29.84430188,93022.12958868062,3116.91424254822,116.94081888,299713.94759715913,2562.95406914085,-87.09651699999999
BINANCE,BINANCE,hrp_52359464322@hiddenroad.com,AccountType.UMFUTURE,BNB,12.22256335,5726.912678855712,468.552505302066,30.05738143,11489.416794613197,382.24942586468,-17.834818079999998
BINANCE,BINANCE,hrp_52359464322@hiddenroad.com,AccountType.UMFUTURE,BUSD,84966.8707855,84970.92449317675,1.0000477092735,155422.09924324,155406.92573108227,0.999902372235148,-70455.22845774
BINANCE,BINANCE,hrp_52359464322@hiddenroad.com,AccountType.UMFUTURE,USDT,97472.25144124,97504.82574478976,1.00033419053185,255392.13700417,255424.87824628115,1.00012819988311,-157919.88556293002
BINANCE,BINANCE,hrp_73561750881@hiddenroad.com,AccountType.MAIN,USDT,20000000.0,20006683.810637,1.00033419053185,6066599.05546389,6067376.792753675,1.00012819988311,13933400.94453611
BINANCE,BINANCE,hrp_85292747371@hiddenroad.com,AccountType.MAIN,USDT,2004475.9045,2005145.781368605,1.00033419053185,0.0697,0.0697089355318527,1.00012819988311,2004475.8347999998
BINANCE,BINANCE,hrp_85292747372@hiddenroad.com,AccountType.MAIN,BUSD,1740578.7745,1740661.816248801,1.0000477092735,797369.2626,797291.4172211307,0.999902372235148,943209.5119
BINANCE,BINANCE,hrp_85292747372@hiddenroad.com,AccountType.MAIN,USDC,264663.91,264631.85562323144,0.999878886483735,1215556.0,1215226.6487352643,0.999729052989138,-950892.0900000001
BINANCE,BINANCE,hrp_85292747373@hiddenroad.com,AccountType.MAIN,BTC,1.94232413,80986.38200863067,41695.6061852718,1.90108955,73338.9323152033,38577.3160002922,0.04123458000000002
BINANCE,BINANCE,hrp_85292747373@hiddenroad.com,AccountType.MAIN,USDT,120.7699768,120.81033698277828,1.00033419053185,120.7699768,120.78545949690894,1.00012819988311,0.0
BINANCE,BINANCE,hrp_85292747373@hiddenroad.com,AccountType.MAIN,WBTC,0.00118632,49.4756665971176,41705.1609996608,0.09541632,3681.7383439553632,38586.0442317977,-0.09423
BINANCE,BINANCE,hrp_85292747374@hiddenroad.com,AccountType.MAIN,ADA,88.5,119.3557547326781,1.34865259584947,2.2,1.7509247038294244,0.795874865377011,86.3
BINANCE,BINANCE,hrp_85292747374@hiddenroad.com,AccountType.MAIN,BTC,0.00355421,148.19494045975486,41695.6061852718,0.56274421,21709.16121650479,38577.3160002922,-0.55919
BINANCE,BINANCE,hrp_85292747374@hiddenroad.com,AccountType.MAIN,BUSD,10886.6335264,10887.152919776408,1.0000477092735,5832.48593869,5831.916526124275,0.999902372235148,5054.147587710001
BINANCE,BINANCE,hrp_85292747374@hiddenroad.com,AccountType.MAIN,ETH,0.077,240.00239667621292,3116.91424254822,3.9699,10174.67135908226,2562.95406914085,-3.8929
BINANCE,BINANCE,hrp_85292747374@hiddenroad.com,AccountType.MAIN,USDT,66177.19582915,66199.31162142048,1.00033419053185,28792.16673885,28795.857891260403,1.00012819988311,37385.029090300006
BINANCE,BINANCE,hrp_87335660061@hiddenroad.com,AccountType.UMFUTURE,USDT,1499.87553516,1500.3767793628035,1.00033419053185,1500.41416435,1500.6065172704862,1.00012819988311,-0.5386291899999378
BINANCE,BINANCE,hrp_95778950331@hiddenroad.com,AccountType.MAIN,BTC,0.74843996,31206.65782548058,41695.6061852718,6.2e-06,0.2391793592018116,38577.3160002922,0.7484337600000001
BINANCE,BINANCE,hrp_95778950331@hiddenroad.com,AccountType.MAIN,BUSD,48169.17373712,48171.471853404095,1.0000477092735,,,,
BINANCE,BINANCE,hrp_95778950331@hiddenroad.com,AccountType.MAIN,ETH,10.0845,31432.52167897753,3116.91424254822,9e-05,0.2306658662226765,2562.95406914085,10.08441
BINANCE,BINANCE,hrp_95778950331@hiddenroad.com,AccountType.MAIN,EUR,41244.745202,46790.20179557558,1.13445243912688,34497.27442161,37606.33349450417,1.09012477434874,6747.470780389995
BINANCE,BINANCE,hrp_95778950331@hiddenroad.com,AccountType.MAIN,USDT,0.218628,0.2187010634075972,1.00033419053185,,,,
BINANCE,BINANCE,hrp_95778950331@hiddenroad.com,AccountType.UMFUTURE,USDT,40146.61768501,40160.03430452613,1.00033419053185,51806.31783796,51812.95940185119,1.00012819988311,-11659.700152949998
BINANCE,BINANCE,hrp_95778950332@hiddenroad.com,AccountType.MAIN,BTC,0.65944,27495.75054281564,41695.6061852718,,,,
BINANCE,BINANCE,hrp_95778950332@hiddenroad.com,AccountType.MAIN,BUSD,49144.16487808,49146.50951048311,1.0000477092735,,,,
BINANCE,BINANCE,hrp_95778950332@hiddenroad.com,AccountType.MAIN,ETH,9.4373,29415.25478120032,3116.91424254822,9.36e-05,0.2398925008715835,2562.95406914085,9.4372064
BINANCE,BINANCE,hrp_95778950332@hiddenroad.com,AccountType.MAIN,EUR,45258.11976415,51343.18435673642,1.13445243912688,32268.92072275,35177.14992136523,1.09012477434874,12989.199041399996
BINANCE,BINANCE,hrp_95778950332@hiddenroad.com,AccountType.MAIN,USDT,0.2416,0.2416807404324949,1.00033419053185,,,,
BINANCE,BINANCE,hrp_95778950332@hiddenroad.com,AccountType.UMFUTURE,USDT,40146.44586332,40159.86242541495,1.00033419053185,51870.65675812,51877.306570253226,1.00012819988311,-11724.210894800002
BINANCE,BINANCE,hrp_95778950333@hiddenroad.com,AccountType.MAIN,ADA,8036.784,10838.829603881486,1.34865259584947,,,,
BINANCE,BINANCE,hrp_95778950333@hiddenroad.com,AccountType.MAIN,DOT,301.311712,7278.557715413488,24.156238956332,0.008652,0.1468338553808847,16.971088231725,301.30306
BINANCE,BINANCE,hrp_95778950333@hiddenroad.com,AccountType.MAIN,ETH,4.01751308,12522.243738675765,3116.91424254822,6.976e-05,0.1787916758632657,2562.95406914085,4.01744332
BINANCE,BINANCE,hrp_95778950333@hiddenroad.com,AccountType.MAIN,FIL,60.27588,1685.9531031317576,27.9706095229428,0.005692,0.1018584583241735,17.8950207878028,60.270188
BINANCE,BINANCE,hrp_95778950333@hiddenroad.com,AccountType.MAIN,LINK,301.3794,6556.080951058924,21.7535802083982,0.005132,0.0667871254145118,13.0138592000218,301.374268
BINANCE,BINANCE,hrp_95778950333@hiddenroad.com,AccountType.MAIN,LTC,30.13794,4127.897592415324,136.966813007635,0.00057,0.0567816098693403,99.6168594198953,30.13737
BINANCE,BINANCE,hrp_95778950333@hiddenroad.com,AccountType.MAIN,OMG,602.87096,3338.8143483350004,5.53819070723692,0.09244,0.3488141730684019,3.77341165154048,602.77852
BINANCE,BINANCE,hrp_95778950333@hiddenroad.com,AccountType.MAIN,USDT,104283.69876321,104318.54938796296,1.00033419053185,29593.27523231,29597.069086735624,1.00012819988311,74690.4235309
BINANCE,BINANCE,hrp_95778950333@hiddenroad.com,AccountType.MAIN,XRP,7832.5708,5788.363717581011,0.739011987939006,0.284,0.2041219466602999,0.718739248803873,7832.286800000001
BINANCE,BINANCE,hrp_95778950333@hiddenroad.com,AccountType.UMFUTURE,USDT,40031.26607974,40044.64414984181,1.00033419053185,49100.34775854,49106.64241738331,1.00012819988311,-9069.081678800001
BINANCE,BINANCE,makesense@hiddenroad.com,AccountType.CMFUTURE,BTC,4.05039309,168883.59517618615,41695.6061852718,10.26093416,395839.2995485128,38577.3160002922,-6.21054107
BINANCE,BINANCE,makesense@hiddenroad.com,AccountType.CMFUTURE,ETH,5.751e-05,0.1792537380889481,3116.91424254822,5.751e-05,0.1473954885162903,2562.95406914085,0.0
BINANCE,BINANCE,makesense@hiddenroad.com,AccountType.UMFUTURE,BNB,13.55496954,6351.2149372601925,468.552505302066,5.29e-06,0.0020220994628241,382.24942586468,13.55496425
BINANCE,BINANCE,makesense@hiddenroad.com,AccountType.UMFUTURE,BUSD,88070.95740371,88075.15920510418,1.0000477092735,233283.39091639,233260.6159803577,0.999902372235148,-145212.43351268
BINANCE,BINANCE,makesense@hiddenroad.com,AccountType.UMFUTURE,USDT,157441.30440946,157493.91980271574,1.00033419053185,301694.83581382,301733.5130565062,1.00012819988311,-144253.53140436002
BINANCE,BINANCE,odumgroup2@hiddenroad.com,AccountType.MAIN,BUSD,15000.0,15000.7156391025,1.0000477092735,15000.0,14998.53558352722,0.999902372235148,0.0
BINANCE,BINANCE,odumgroup2@hiddenroad.com,AccountType.MARGIN,BUSD,15000.0,15000.7156391025,1.0000477092735,,,,
BINANCE,BINANCE,odumgroup3@hiddenroad.com,AccountType.MAIN,USDT,5000.0,5001.670952659249,1.00033419053185,,,,
BINANCE,BINANCE,odumgroup3@hiddenroad.com,AccountType.MARGIN,USDT,5000.0,5001.670952659249,1.00033419053185,,,,
BINANCE,BINANCE,odumgroup@hiddenroad.com,AccountType.MARGIN,BNB,0.45859992,214.87814144732704,468.552505302066,0.07983723,30.517735330126406,382.24942586468,0.37876269
BINANCE,BINANCE,odumgroup@hiddenroad.com,AccountType.MARGIN,BTC,0.01445516,602.7166587050934,41695.6061852718,0.05986316,2309.360040096052,38577.3160002922,-0.045408
BINANCE,BINANCE,odumgroup@hiddenroad.com,AccountType.MARGIN,BUSD,19116.1023054,19117.014320753144,1.0000477092735,12938.51703605,12937.253877551271,0.999902372235148,6177.58526935
BINANCE,BINANCE,odumgroup@hiddenroad.com,AccountType.MARGIN,USDC,33616.1456372,33612.074267598604,0.999878886483735,11436.17282131,11433.074224468364,0.999729052989138,22179.972815890003
BINANCE,BINANCE,odumgroup@hiddenroad.com,AccountType.MARGIN,USDT,4649.0004896,4650.55414154619,1.00033419053185,79432.31998214,79442.50319627687,1.00012819988311,-74783.31949254
BINANCE,BINANCE,odumgroup@hiddenroad.com,AccountType.UMFUTURE,USDT,595.66686809,595.8659343174523,1.00033419053185,32764.27487989,32768.47525609979,1.00012819988311,-32168.6080118
BINANCE,BINANCE,selini10@hiddenroad.com,AccountType.MAIN,USDT,50000.0,50016.709526592495,1.00033419053185,76991.69769488,77001.56802152492,1.00012819988311,-26991.69769488
BINANCE,BINANCE,selini10@hiddenroad.com,AccountType.UMFUTURE,USDT,49754.67790559,49771.30544786129,1.00033419053185,64683.29177296,64691.58416340446,1.00012819988311,-14928.613867370004
BINANCE,BINANCE,selini1@hiddenroad.com,AccountType.CMFUTURE,BTC,0.06753864,2816.064535728845,41695.6061852718,0.24669716,9516.914297694646,38577.3160002922,-0.17915852
BINANCE,BINANCE,selini1@hiddenroad.com,AccountType.MAIN,USDT,90045.55324312,90075.64561444904,1.00033419053185,48666.12750123,48672.36649308707,1.00012819988311,41379.425741889994
BINANCE,BINANCE,selini1@hiddenroad.com,AccountType.UMFUTURE,USDT,50052.41671026,50069.14375402077,1.00033419053185,54460.99173647,54467.97362924467,1.00012819988311,-4408.575026210005
BINANCE,BINANCE,selini2@hiddenroad.com,AccountType.MAIN,USDT,80000.0,80026.73524254799,1.00033419053185,66646.56636182,66655.11044383727,1.00012819988311,13353.433638179995
BINANCE,BINANCE,selini2@hiddenroad.com,AccountType.UMFUTURE,USDT,50119.43587422,50136.18531515082,1.00033419053185,62807.42695995,62815.4788647447,1.00012819988311,-12687.991085729998
BINANCE,BINANCE,selini3@hiddenroad.com,AccountType.MAIN,USDT,60000.0,60020.05143191099,1.00033419053185,85430.51464227,85441.46682426117,1.00012819988311,-25430.514642270005
BINANCE,BINANCE,selini3@hiddenroad.com,AccountType.UMFUTURE,USDT,51600.38733033,51617.63169121558,1.00033419053185,61942.70217696,61950.64322413861,1.00012819988311,-10342.314846630004
BINANCE,BINANCE,selini4@hiddenroad.com,AccountType.MAIN,USDT,100000.0,100033.419053185,1.00033419053185,72339.58841191,72348.86233868862,1.00012819988311,27660.411588090006
BINANCE,BINANCE,selini4@hiddenroad.com,AccountType.UMFUTURE,USDT,49574.69712461,49591.26451900837,1.00033419053185,50763.47983692,50769.98770910135,1.00012819988311,-1188.7827123099996
BINANCE,BINANCE,selini5@hiddenroad.com,AccountType.MAIN,USDT,60000.0,60020.05143191099,1.00033419053185,47982.74149724,47988.89287909124,1.00012819988311,12017.25850276
BINANCE,BINANCE,selini5@hiddenroad.com,AccountType.UMFUTURE,USDT,51009.94783276,51026.99487435587,1.00033419053185,68266.7112892,68275.46307360758,1.00012819988311,-17256.76345644
BINANCE,BINANCE,selini6@hiddenroad.com,AccountType.MAIN,USDT,60000.0,60020.05143191099,1.00033419053185,55186.58768162,55193.662595710026,1.00012819988311,4813.412318379997
BINANCE,BINANCE,selini6@hiddenroad.com,AccountType.UMFUTURE,USDT,50375.74974096,50392.584839558265,1.00033419053185,69867.67913314,69876.63616143803,1.00012819988311,-19491.929392180005
BINANCE,BINANCE,selini7@hiddenroad.com,AccountType.MAIN,USDT,80000.0,80026.73524254799,1.00033419053185,60568.56234482,60576.32722743275,1.00012819988311,19431.43765518
BINANCE,BINANCE,selini7@hiddenroad.com,AccountType.UMFUTURE,USDT,52093.80757366,52111.216830919126,1.00033419053185,57511.52212563,57518.89509604398,1.00012819988311,-5417.714551969999
BINANCE,BINANCE,selini8@hiddenroad.com,AccountType.MAIN,USDT,60000.0,60020.05143191099,1.00033419053185,111461.25009388,111475.53941311332,1.00012819988311,-51461.25009387999
BINANCE,BINANCE,selini8@hiddenroad.com,AccountType.UMFUTURE,USDT,49789.52337045,49806.16255774572,1.00033419053185,50882.7105943,50889.23375185051,1.00012819988311,-1093.18722385
BINANCE,BINANCE,selini9@hiddenroad.com,AccountType.MAIN,USDT,110000.0,110036.7609585035,1.00033419053185,54467.68719702,54474.66994815193,1.00012819988311,55532.31280298
BINANCE,BINANCE,selini9@hiddenroad.com,AccountType.UMFUTURE,USDT,49978.86273904,49995.565201760015,1.00033419053185,77894.49811687,77904.48418242349,1.00012819988311,-27915.635377830004
CITASHK,BINANCE,hrp_87335660061@hiddenroad.com,AccountType.UMFUTURE,USDT,1499.87553516,1500.3767793628035,1.00033419053185,1500.41416435,1500.6065172704862,1.00012819988311,-0.5386291899999378
CITASHK,HRP,Main Account,AccountType.MAIN,BNB,0.0,0.0,,-0.0999999999999996,-38.22494258646786,,0.0999999999999996
CITASHK,HRP,Main Account,AccountType.MAIN,USD,4998.974929277163,4998.974929277163,,4987.073418659923,4987.073418659923,,11.901510617240092
CITASHK,HRP,Main Account,AccountType.MAIN,USDT,-1500.0,-1500.501285797775,,-1500.0,-1500.192299824665,,0.0
COINBASE_PRIME,COINBASE_PRIME,RADKLKY1,AccountType.MAIN,USDC,9995.666886358908,9994.456275994888,0.999878886483735,3.589075e-07,3.588102550856991e-07,0.999729052989138,9995.666886
COINBASE_PRIME,COINBASE_PRIME,hrp_main,AccountType.MAIN,BTC,0.02306569,961.737926631562,41695.6061852718,0.02306569,889.8124118947799,38577.3160002922,0.0
COINBASE_PRIME,COINBASE_PRIME,hrp_main,AccountType.MAIN,USD,0.71400974862516,0.71400974862516,1.0,0.71400974862516,0.71400974862516,1.0,0.0
COINBASE_PRIME,COINBASE_PRIME,hrp_main,AccountType.MAIN,USDC,40000.0,39995.1554593494,0.999878886483735,49995.666886,49982.12070950119,0.999729052989138,-9995.666885999999
COINBASE_PRIME,COINBASE_PRIME,hrp_main,AccountType.MAIN,USDT,49892.97681496043,49909.65057541779,1.00033419053185,49892.97681496043,49899.37308875612,1.00012819988311,0.0
DAM24GB,FTX,DAM24GB1,AccountType.UNIVERSAL,USD,0.1412,0.1412,1.0,0.1412,0.1412,1.0,0.0
DAM24GB,FTX,DAM24GB1,AccountType.UNIVERSAL,USDT,250000.0,250083.5476329625,1.00033419053185,,,,
DAM24GB,HRP,Main Account,AccountType.MAIN,USD,-1479.7123389767287,-1479.7123389767287,,-2374.613960305712,-2374.613960305712,,894.9016213289835
DAM24GB,HRP,Main Account,AccountType.MAIN,USDT,0.0,0.0,,250000.0,250032.0499707775,,-250000.0
FASANLU,BINANCE,fasanara@hiddenroad.com,AccountType.CMFUTURE,BTC,33.36509904,1391178.02990443,41695.6061852718,59.49965996,2295337.184186853,38577.3160002922,-26.134560920000006
FASANLU,BINANCE,fasanara@hiddenroad.com,AccountType.CMFUTURE,ETH,1056.4636139,3292906.4848988736,3116.91424254822,422.47549556,1082785.290457799,2562.95406914085,633.9881183399999
FASANLU,BINANCE,fasanara@hiddenroad.com,AccountType.MAIN,BNB,14.20840223,6657.382461205962,468.552505302066,1e-07,3.8224942586468e-05,382.24942586468,14.208402130000001
FASANLU,BINANCE,fasanara@hiddenroad.com,AccountType.MAIN,BTC,30.35713995,1265759.3522663815,41695.6061852718,172.18577581,6642465.084177839,38577.3160002922,-141.82863586
FASANLU,BINANCE,fasanara@hiddenroad.com,AccountType.MAIN,BUSD,3672482.24751285,3672657.458972821,1.0000477092735,2258.52339827,2258.302903678761,0.999902372235148,3670223.72411458
FASANLU,BINANCE,fasanara@hiddenroad.com,AccountType.MAIN,ETH,615.6884051,1919047.958827988,3116.91424254822,1784.26896558,4572999.405774997,2562.95406914085,-1168.58056048
FASANLU,BINANCE,fasanara@hiddenroad.com,AccountType.MAIN,LUNA,51.36,4108.102721985307,79.9864237146672,80.31106039,6846.867520600609,85.2543533524699,-28.951060389999995
FASANLU,BINANCE,fasanara@hiddenroad.com,AccountType.MAIN,USDT,885070.0304,885365.8124241838,1.00033419053185,885972.19065482,886085.7721861006,1.00012819988311,-902.1602548199007
FASANLU,BINANCE,fasanara@hiddenroad.com,AccountType.MARGIN,BUSD,691928.35835041,691961.369749701,1.0000477092735,0.35835041,0.3583154250504379,0.999902372235148,691928.0
FASANLU,BINANCE,fasanara@hiddenroad.com,AccountType.UMFUTURE,USDT,7537368.37958451,7539887.296732032,1.00033419053185,4542300.75047481,4542883.072900071,1.00012819988311,2995067.6291097
FASANLU,HRP,Main Account,AccountType.MAIN,BTC,140.001,5837426.561544237,,0.000903439999997,34.852290367191735,,140.00009656
FASANLU,HRP,Main Account,AccountType.MAIN,BUSD,4700000.0,4700224.23358545,,11400140.0,11399027.0298128,,-6700140.0
FASANLU,HRP,Main Account,AccountType.MAIN,ETH,500.00454,1558471.2720647713,,0.0036790000001565,9.429108020770345,,500.0008609999999
FASANLU,HRP,Main Account,AccountType.MAIN,LUNA,0.0400000000017461,3.19945694872636,,1.3422240000154124,114.43043917547956,,-1.3022240000136662
FASANLU,HRP,Main Account,AccountType.MAIN,USD,-245348.38783645857,-245348.38783645857,,-1348913.1042821382,-1348913.1042821382,,1103564.7164456795
FASANLU,HRP,Main Account,AccountType.MAIN,USDC,0.0,0.0,,-2900000.0,-2899214.2536685,,2900000.0
FASANLU,HRP,Main Account,AccountType.MAIN,USDT,-14001200.0,-14005879.068474537,,-1501208.3103299998,-1501400.7650599077,,-12499991.68967
FLOWNL,BINANCE,hrp_31005948301@hiddenroad.com,AccountType.MAIN,BTC,5.4e-06,0.2251562734004677,41695.6061852718,5.4e-06,0.2083175064015779,38577.3160002922,0.0
FLOWNL,BINANCE,hrp_31005948301@hiddenroad.com,AccountType.MAIN,SHIB,327304655.48,9041.876960545203,2.76252623027469e-05,327268655.48,7515.508734299026,2.29643401787933e-05,36000.0
FLOWNL,BINANCE,hrp_31005948301@hiddenroad.com,AccountType.MAIN,USDT,9998.90321743,10002.244756214148,1.00033419053185,10001.96760662,10003.24985769804,1.00012819988311,-3.064389190001748
FLOWNL,BINANCE,hrp_31005948301@hiddenroad.com,AccountType.UMFUTURE,USDT,79516.25251503,79542.82609374872,1.00033419053185,79499.78706378,79509.97892718884,1.00012819988311,16.465451250012848
FLOWNL,HRP,Main Account,AccountType.MAIN,USD,-1288.0117516389078,-1288.0117516389078,,-2529.9457835734943,-2529.9457835734943,,1241.9340319345865
FLOWNL,HRP,Main Account,AccountType.MAIN,USDT,-100000.0,-100033.419053185,,-100000.0,-100012.819988311,,0.0
FTX,FTX,APCAPKY1,AccountType.UNIVERSAL,USD,0.00613253,0.00613253,1.0,0.00613253,0.00613253,1.0,0.0
FTX,FTX,DAM24GB1,AccountType.UNIVERSAL,USD,0.1412,0.1412,1.0,0.1412,0.1412,1.0,0.0
FTX,FTX,DAM24GB1,AccountType.UNIVERSAL,USDT,250000.0,250083.5476329625,1.00033419053185,,,,
FTX,FTX,GRANDKY1,AccountType.UNIVERSAL,BTC,-19.73615039,-822910.7542747384,41695.6061852718,-7.9204744,-305550.6438010248,38577.3160002922,-11.815675989999999
FTX,FTX,GRANDKY1,AccountType.UNIVERSAL,ETH,-231.99343282,-723103.6349343117,3116.91424254822,-144.91344597,-371406.5060220342,2562.95406914085,-87.07998685000001
FTX,FTX,GRANDKY1,AccountType.UNIVERSAL,USD,1521903.46184766,1521903.46184766,1.0,684734.04200763,684734.04200763,1.0,837169.4198400299
FTX,FTX,GRANDKY1,AccountType.UNIVERSAL,USDT,989981.10216575,990311.944476804,1.00033419053185,989981.10216575,990108.0176273288,1.00012819988311,0.0
FTX,FTX,HCDIG1,AccountType.UNIVERSAL,BTC,0.47692676,19885.75036417764,41695.6061852718,1.49342454,57612.31040217102,38577.3160002922,-1.01649778
FTX,FTX,HCDIG1,AccountType.UNIVERSAL,ETH,-4e-08,-0.0001246765697019,3116.91424254822,-4e-08,-0.0001025181627656,2562.95406914085,0.0
FTX,FTX,HCDIG1,AccountType.UNIVERSAL,USD,330582.86038493,330582.86038493,1.0,351419.73600937,351419.73600937,1.0,-20836.87562444003
FTX,FTX,HCDIG1,AccountType.UNIVERSAL,USDT,-19452.13092803,-19458.631646010454,1.00033419053185,-26347.20535112,-26350.58305976629,1.00012819988311,6895.074423089998
FTX,FTX,HCDIGKY2,AccountType.UNIVERSAL,USD,49.29513918,49.29513918,1.0,49.29513918,49.29513918,1.0,0.0
FTX,FTX,HCDIGKY2,AccountType.UNIVERSAL,USDT,948.0,948.3168126241936,1.00033419053185,948.0,948.1215334891882,1.00012819988311,0.0
FTX,FTX,MAKESNL1,AccountType.UNIVERSAL,BTC,2.0,83391.2123705436,41695.6061852718,2.0,77154.6320005844,38577.3160002922,0.0
FTX,FTX,MAKESNL1,AccountType.UNIVERSAL,USD,193587.5925447,193587.5925447,1.0,365105.27752051,365105.27752051,1.0,-171517.68497581003
FTX,FTX,MAKESNL2,AccountType.UNIVERSAL,USD,181609.87531854,181609.87531854,1.0,273520.55107737,273520.55107737,1.0,-91910.67575883001
FTX,FTX,MAKESNL2,AccountType.UNIVERSAL,USDT,25000.0,25008.354763296247,1.00033419053185,25000.0,25003.204997077748,1.00012819988311,0.0
FTX,FTX,NAMNAKY1,AccountType.UNIVERSAL,BCH,0.0197631,7.341668626495239,371.483655220853,0.0197631,5.600310572812563,283.372070819485,0.0
FTX,FTX,NAMNAKY1,AccountType.UNIVERSAL,BNB,0.173363,81.22966797668207,468.552505302066,0.173363,66.26790721617851,382.24942586468,0.0
FTX,FTX,NAMNAKY1,AccountType.UNIVERSAL,BTC,2.90423176,121093.7037357188,41695.6061852718,3.176e-05,1.2252155561692804,38577.3160002922,2.9042
FTX,FTX,NAMNAKY1,AccountType.UNIVERSAL,DOGE,1.4992,0.2430911087085859,0.16214721765514,1.4992,0.1747592100244817,0.116568309781538,0.0
FTX,FTX,NAMNAKY1,AccountType.UNIVERSAL,ETH,0.01270695,39.6064734343481,3116.91424254822,0.01270695,32.567329208869324,2562.95406914085,0.0
FTX,FTX,NAMNAKY1,AccountType.UNIVERSAL,FTT,0.38786,17.821471244929533,45.9482061695703,0.38786,15.673500561861513,40.4102010051604,0.0
FTX,FTX,NAMNAKY1,AccountType.UNIVERSAL,LINK,0.62254,13.542473822936216,21.7535802083982,0.62254,8.10164790638157,13.0138592000218,0.0
FTX,FTX,NAMNAKY1,AccountType.UNIVERSAL,LTC,0.046521,6.371833107928189,136.966813007635,0.046521,4.63427591707295,99.6168594198953,0.0
FTX,FTX,NAMNAKY1,AccountType.UNIVERSAL,MATIC,71.091,147.58620146584255,2.07601808197722,71.091,102.6546188259108,1.44398895536581,0.0
FTX,FTX,NAMNAKY1,AccountType.UNIVERSAL,SOL,550.932113,74868.44178892039,135.894132910928,0.732113,60.100129927312665,82.0913300642287,550.1999999999999
FTX,FTX,NAMNAKY1,AccountType.UNIVERSAL,SUSHI,2.19085,13.268188056284108,6.05618278580647,2.19085,6.243853670445816,2.84996858317357,0.0
FTX,FTX,NAMNAKY1,AccountType.UNIVERSAL,USD,-195339.96912028,-195339.96912028,1.0,423.27687125,423.27687125,1.0,-195763.24599153
FTX,FTX,NAMNAKY1,AccountType.UNIVERSAL,USDT,254036.19,254121.08648944524,1.00033419053185,4397.065,4397.628703219027,1.00012819988311,249639.125
FTX,FTX,NAMNAKY1,AccountType.UNIVERSAL,XRP,-2.20260841,-1.6277540197252731,0.739011987939006,-2.20960383,-1.5881289969283603,0.718739248803873,0.0069954199999999744
FTX,FTX,NAMNAKY2,AccountType.UNIVERSAL,USD,1639272.62766475,1639272.62766475,1.0,32295.97277392,32295.97277392,1.0,1606976.65489083
FTX,FTX,NAMNAKY2,AccountType.UNIVERSAL,USDT,-624493.54592134,-624702.2457515883,1.00033419053185,1000340.96687764,1000469.210472664,1.00012819988311,-1624834.5127989799
FTX,FTX,NAMNAKY3,AccountType.UNIVERSAL,USD,24428.1459739,24428.1459739,1.0,25067.0248471,25067.0248471,1.0,-638.878873200003
FTX,FTX,NAMNAKY4,AccountType.UNIVERSAL,USD,356634.0662562,356634.0662562,1.0,573964.81536925,573964.81536925,1.0,-217330.74911305
FTX,FTX,NAMNAKY4,AccountType.UNIVERSAL,USDT,200000.0,200066.83810637,1.00033419053185,790000.0,790101.2779076569,1.00012819988311,-590000.0
FTX,FTX,NAMNAKY5,AccountType.UNIVERSAL,USD,164.12710889,164.12710889,1.0,355.99800286,355.99800286,1.0,-191.87089397
FTX,FTX,NAMNAKY5,AccountType.UNIVERSAL,USDT,25000.0,25008.354763296247,1.00033419053185,25000.0,25003.204997077748,1.00012819988311,0.0
FTX,FTX,PROFLKY1,AccountType.UNIVERSAL,USD,998892.55102371,998892.55102371,1.0,1000.68948115,1000.68948115,1.0,997891.86154256
FTX,FTX,PROFLKY1,AccountType.UNIVERSAL,USDT,1000.49225475,1000.8266097887266,1.00033419053185,1009401.94285475,1009531.348065835,1.00012819988311,-1008401.4506
FTX,FTX,PROFLKY2,AccountType.UNIVERSAL,AAVE,0.01187,2.530206020223152,213.159732116525,0.01187,1.4519292080886277,122.31922561825,0.0
FTX,FTX,PROFLKY2,AccountType.UNIVERSAL,BAT,0.004,0.0038651086660231,0.966277166505781,0.004,0.0025938847238242,0.648471180956073,0.0
FTX,FTX,PROFLKY2,AccountType.UNIVERSAL,BCH,0.0101755,3.7800319336997896,371.483655220853,0.0101755,2.8834525066236694,283.372070819485,0.0
FTX,FTX,PROFLKY2,AccountType.UNIVERSAL,BNB,0.270242,126.6225661378409,468.552505302066,14.534547,5555.822245953207,382.24942586468,-14.264305
FTX,FTX,PROFLKY2,AccountType.UNIVERSAL,BTC,0.02139696,892.1592177220132,41695.6061852718,1.64808431,63578.669221993536,38577.3160002922,-1.62668735
FTX,FTX,PROFLKY2,AccountType.UNIVERSAL,CHZ,0.197,0.0489452693143862,0.248453143727849,0.197,0.0380611010040657,0.193203558396273,0.0
FTX,FTX,PROFLKY2,AccountType.UNIVERSAL,COMP,0.03601442,6.139250251094697,170.466447914327,0.03601442,3.7509028472762194,104.150027885392,0.0
FTX,FTX,PROFLKY2,AccountType.UNIVERSAL,CRV,0.0481,0.2059968273854567,4.28267832402197,0.2382,0.4907541070051517,2.06026073469837,-0.1901
FTX,FTX,PROFLKY2,AccountType.UNIVERSAL,DOGE,367.7844,59.63521715696508,0.16214721765514,55.9655,6.523803741078664,0.116568309781538,311.8189
FTX,FTX,PROFLKY2,AccountType.UNIVERSAL,DOT,0.21651,5.2300672964354415,24.156238956332,96.39882,1635.9928796541765,16.971088231725,-96.18231
FTX,FTX,PROFLKY2,AccountType.UNIVERSAL,ENJ,0.0322,0.0731078557285141,2.27043030212777,0.0322,0.0427284549336041,1.32697065011193,0.0
FTX,FTX,PROFLKY2,AccountType.UNIVERSAL,ETH,0.1643825,512.3661554756827,3116.91424254822,12.72468628,32612.786479866747,2562.95406914085,-12.56030378
FTX,FTX,PROFLKY2,AccountType.UNIVERSAL,FTT,3.69254,169.6655892093851,45.9482061695703,59.40261,2400.471410331152,40.4102010051604,-55.71007
FTX,FTX,PROFLKY2,AccountType.UNIVERSAL,GRT,0.038,0.020076411382872,0.528326615338737,0.038,0.0128724404618424,0.338748433206381,0.0
FTX,FTX,PROFLKY2,AccountType.UNIVERSAL,HT,0.00131,0.0130071480325317,9.92912063552041,0.00131,0.0120394601853171,9.19042762237952,0.0
FTX,FTX,PROFLKY2,AccountType.UNIVERSAL,LINK,0.03105,0.6754486654707642,21.7535802083982,0.48606,6.325516402762596,13.0138592000218,-0.45500999999999997
FTX,FTX,PROFLKY2,AccountType.UNIVERSAL,LTC,0.27884892,38.193047883020974,136.966813007635,10.61204192,1057.138288102676,99.6168594198953,-10.333193
FTX,FTX,PROFLKY2,AccountType.UNIVERSAL,MANA,0.0987,0.2752047660014729,2.78829550153468,0.8462,2.018048094816152,2.38483584828191,-0.7474999999999999
FTX,FTX,PROFLKY2,AccountType.UNIVERSAL,MATIC,9.889,20.52974281267273,2.07601808197722,690.831,997.552334024318,1.44398895536581,-680.942
FTX,FTX,PROFLKY2,AccountType.UNIVERSAL,MKR,1.54e-05,0.0310773213132517,2018.00787748388,1.54e-05,0.0267657583761963,1738.03625819457,0.0
FTX,FTX,PROFLKY2,AccountType.UNIVERSAL,OKB,0.00067,0.0170945102414492,25.5141943902227,0.00067,0.0117792979246233,17.5810416785423,0.0
FTX,FTX,PROFLKY2,AccountType.UNIVERSAL,RUNE,0.77568,4.226572632263471,5.44886116989412,0.7294,3.0207554050294183,4.14142501375023,0.04627999999999999
FTX,FTX,PROFLKY2,AccountType.UNIVERSAL,SHIB,780.0,0.0215477045961425,2.76252623027469e-05,60880.0,1.398069030084936,2.29643401787933e-05,-60100.0
FTX,FTX,PROFLKY2,AccountType.UNIVERSAL,SNX,0.00223,0.0110606807711268,4.95994653413761,0.00223,0.0086304008528379,3.87013491158653,0.0
FTX,FTX,PROFLKY2,AccountType.UNIVERSAL,SOL,1.892967,257.24310909400066,135.894132910928,104.398528,8570.214020267622,82.0913300642287,-102.505561
FTX,FTX,PROFLKY2,AccountType.UNIVERSAL,SUSHI,7.88599874,47.75904981807951,6.05618278580647,0.22864874,0.6516417255822219,2.84996858317357,7.65735
FTX,FTX,PROFLKY2,AccountType.UNIVERSAL,UNI,0.005715,0.0876671649076703,15.3398363792949,0.009355,0.081541476963747,8.71635242797937,-0.003640000000000001
FTX,FTX,PROFLKY2,AccountType.UNIVERSAL,USD,128239.29001947,128239.29001947,1.0,107939.32559173,107939.32559173,1.0,20299.964427740008
FTX,FTX,PROFLKY2,AccountType.UNIVERSAL,USDT,47147.88395061,47163.64032702305,1.00033419053185,26491.85221953,26495.24847188791,1.00012819988311,20656.03173108
FTX,FTX,PROFLKY2,AccountType.UNIVERSAL,WBTC,0.00020026,8.351875541792072,41705.1609996608,0.00040247,15.52972522197162,38586.0442317977,-0.00020220999999999998
FTX,FTX,PROFLKY2,AccountType.UNIVERSAL,XRP,21.8646,16.15820151149119,0.739011987939006,3480.67708336,2501.6992322230217,0.718739248803873,-3458.81248336
FTX,FTX,PROFLKY2,AccountType.UNIVERSAL,YFI,1.02e-05,0.3280551089880722,32162.2655870659,2.12e-05,0.4066001257922655,19179.2512166163,-1.1e-05
FTX,FTX,PROFLKY2,AccountType.UNIVERSAL,ZRX,0.0071,0.0048855333583005,0.688103289901489,0.0071,0.003468088296988,0.48846314042085,0.0
FTX,FTX,QUEUEGB1,AccountType.UNIVERSAL,USD,38683.44522561,38683.44522561,1.0,36287.33610623,36287.33610623,1.0,2396.109119379995
FTX,FTX,QUEUEGB2,AccountType.UNIVERSAL,USD,9879.21589666,9879.21589666,1.0,5917.68970019,5917.68970019,1.0,3961.5261964700003
FTX,FTX,SELINVG1,AccountType.UNIVERSAL,BTC,3.77e-05,1.5719243531847469,41695.6061852718,,,,
FTX,FTX,SELINVG1,AccountType.UNIVERSAL,ETH,2.17e-05,0.0676370390632963,3116.91424254822,,,,
FTX,FTX,SELINVG1,AccountType.UNIVERSAL,SOL,0.002152,0.292444174024317,135.894132910928,,,,
FTX,FTX,SELINVG1,AccountType.UNIVERSAL,USD,855409.73971257,855409.73971257,1.0,66596.27140181,66596.27140181,1.0,788813.46831076
FTX,FTX,SELINVG1,AccountType.UNIVERSAL,USDT,1000.0,1000.33419053185,1.00033419053185,,,,
FTX,FTX,SELINVG10,AccountType.UNIVERSAL,BTC,0.19877802,8288.17004020808,41695.6061852718,1.6864426,65058.42909655438,38577.3160002922,-1.48766458
FTX,FTX,SELINVG10,AccountType.UNIVERSAL,DOGE,0.7707,0.1249668606468164,0.16214721765514,,,,
FTX,FTX,SELINVG10,AccountType.UNIVERSAL,ETH,3.681921,11476.232004837384,3116.91424254822,17.12416068,43888.43729542774,2562.95406914085,-13.44223968
FTX,FTX,SELINVG10,AccountType.UNIVERSAL,SOL,236.028086,32074.832089595944,135.894132910928,,,,
FTX,FTX,SELINVG10,AccountType.UNIVERSAL,USD,2907.36008447,2907.36008447,1.0,-6196.31755902,-6196.31755902,1.0,9103.67764349
FTX,FTX,SELINVG10,AccountType.UNIVERSAL,USDT,36377.78316585,36389.94027655372,1.00033419053185,25870.10449402,25873.421038392175,1.00012819988311,10507.678671829999
FTX,FTX,SELINVG2,AccountType.UNIVERSAL,BTC,0.29684868,12377.285657897768,41695.6061852718,,,,
FTX,FTX,SELINVG2,AccountType.UNIVERSAL,ETH,1.2524898,3903.9032962663714,3116.91424254822,,,,
FTX,FTX,SELINVG2,AccountType.UNIVERSAL,SOL,155.29832,21104.130538923822,135.894132910928,,,,
FTX,FTX,SELINVG2,AccountType.UNIVERSAL,USD,40673.53130592,40673.53130592,1.0,55635.98575445,55635.98575445,1.0,-14962.45444853
FTX,FTX,SELINVG2,AccountType.UNIVERSAL,XRP,10069.3903,7441.400142936744,0.739011987939006,,,,
FTX,FTX,SELINVG3,AccountType.UNIVERSAL,BTC,0.075222,3136.4268884685152,41695.6061852718,,,,
FTX,FTX,SELINVG3,AccountType.UNIVERSAL,USD,110854.16822885,110854.16822885,1.0,98455.27358531,98455.27358531,1.0,12398.89464354
FTX,FTX,SELINVG3,AccountType.UNIVERSAL,USDT,-4669.60668943,-4671.16722777307,1.00033419053185,,,,
FTX,FTX,SELINVG4,AccountType.UNIVERSAL,BTC,9.273e-05,3.8664335615602536,41695.6061852718,,,,
FTX,FTX,SELINVG4,AccountType.UNIVERSAL,USD,78737.86377261,78737.86377261,1.0,47493.92453487,47493.92453487,1.0,31243.93923774
FTX,FTX,SELINVG4,AccountType.UNIVERSAL,USDT,28442.33289227,28451.83805062632,1.00033419053185,,,,
FTX,FTX,SELINVG5,AccountType.UNIVERSAL,BTC,-1.282e-05,-0.5345376712951844,41695.6061852718,,,,
FTX,FTX,SELINVG5,AccountType.UNIVERSAL,ETH,0.00090364,2.816568386136274,3116.91424254822,,,,
FTX,FTX,SELINVG5,AccountType.UNIVERSAL,SOL,-0.00040797,-0.0554407294036712,135.894132910928,,,,
FTX,FTX,SELINVG5,AccountType.UNIVERSAL,USD,100611.8709347,100611.8709347,1.0,65953.16577277,65953.16577277,1.0,34658.705161930004
FTX,FTX,SELINVG5,AccountType.UNIVERSAL,USDT,103.37321622,103.4077625701076,1.00033419053185,,,,
FTX,FTX,SELINVG5,AccountType.UNIVERSAL,XRP,-0.33608948,-0.2483741547401868,0.739011987939006,,,,
FTX,FTX,SELINVG6,AccountType.UNIVERSAL,ETH,0.0006219,1.938408967440738,3116.91424254822,,,,
FTX,FTX,SELINVG6,AccountType.UNIVERSAL,USD,110985.14822048,110985.14822048,1.0,68644.33327401,68644.33327401,1.0,42340.814946469996
FTX,FTX,SELINVG7,AccountType.UNIVERSAL,LINK,0.02151,0.4679195102826453,21.7535802083982,,,,
FTX,FTX,SELINVG7,AccountType.UNIVERSAL,USD,112115.60289883,112115.60289883,1.0,67509.61480811,67509.61480811,1.0,44605.98809072
FTX,FTX,SELINVG8,AccountType.UNIVERSAL,BTC,5.057e-05,2.108546804789195,41695.6061852718,,,,
FTX,FTX,SELINVG8,AccountType.UNIVERSAL,ETH,0.0024869,7.751454029793168,3116.91424254822,,,,
FTX,FTX,SELINVG8,AccountType.UNIVERSAL,SOL,302.338217,41085.989845050986,135.894132910928,,,,
FTX,FTX,SELINVG8,AccountType.UNIVERSAL,USD,37601.82268603,37601.82268603,1.0,82793.5079236,82793.5079236,1.0,-45191.685237570004
FTX,FTX,SELINVG8,AccountType.UNIVERSAL,USDT,-4408.88361106,-4410.357018218844,1.00033419053185,1e-08,1.00012819988311e-08,1.00012819988311,-4408.8836110699995
FTX,FTX,SELINVG8,AccountType.UNIVERSAL,XRP,0.8472,0.6260909561819259,0.739011987939006,,,,
FTX,FTX,SELINVG9,AccountType.UNIVERSAL,BTC,0.2189856,9130.737337845456,41695.6061852718,1.09962462,42420.566447441226,38577.3160002922,-0.8806390199999999
FTX,FTX,SELINVG9,AccountType.UNIVERSAL,ETH,10.5603542,32915.71841233392,3116.91424254822,36.08001082,92471.4105457649,2562.95406914085,-25.51965662
FTX,FTX,SELINVG9,AccountType.UNIVERSAL,SOL,445.525744,60544.33467037608,135.894132910928,0.005702,0.468084764026232,82.0913300642287,445.520042
FTX,FTX,SELINVG9,AccountType.UNIVERSAL,USD,-44461.10652125,-44461.10652125,1.0,98859.38238375,98859.38238375,1.0,-143320.488905
FTX,FTX,SELINVG9,AccountType.UNIVERSAL,USDT,-4993.57310622,-4995.241911072199,1.00033419053185,1e-08,1.00012819988311e-08,1.00012819988311,-4993.57310623
FTX,FTX,SELINVG9,AccountType.UNIVERSAL,XRP,29249.0154,21615.373016012603,0.739011987939006,,,,
FTX,FTX,TOKENVG1,AccountType.UNIVERSAL,USD,20000000.0,20000000.0,1.0,20252882.07652577,20252882.07652577,1.0,-252882.07652577013
FTX,FTX,XMONEVG1,AccountType.UNIVERSAL,ETH,0.227,707.539533058446,3116.91424254822,0.227,581.790573694973,2562.95406914085,0.0
FTX,FTX,XMONEVG1,AccountType.UNIVERSAL,USD,-15262.36737492,-15262.36737492,1.0,-21739.87796329,-21739.87796329,1.0,6477.51058837
FTX,FTX,XMONEVG1,AccountType.UNIVERSAL,USDT,50005.0,50021.71119754516,1.00033419053185,50005.0,50011.41063515491,1.00012819988311,0.0
FTX,FTX,hrp_main,AccountType.UNIVERSAL,BTC,26.50499343,1105141.7680004963,41695.6061852718,55.25399343,2131550.7648271797,38577.3160002922,-28.749000000000002
FTX,FTX,hrp_main,AccountType.UNIVERSAL,ETH,0.0016,4.987062788077153,3116.91424254822,1.0036,2572.180703789757,2562.95406914085,-1.002
FTX,FTX,hrp_main,AccountType.UNIVERSAL,FTT,27894.476354,1281701.1505057956,45.9482061695703,31494.836354,1272712.6676897733,40.4102010051604,-3600.3600000000006
FTX,FTX,hrp_main,AccountType.UNIVERSAL,SRM,1992.12116826,5806.321734428868,2.91464285754282,3335.74685913,6003.816933278991,1.79984189053388,-1343.6256908699997
FTX,FTX,hrp_main,AccountType.UNIVERSAL,SRM,1992.12116826,5806.321734428868,2.91464285754282,102.73314087,184.9034104839442,1.79984189053388,1889.3880273900002
FTX,FTX,hrp_main,AccountType.UNIVERSAL,SRM,40.19883174,117.16523781255664,2.91464285754282,3335.74685913,6003.816933278991,1.79984189053388,-3295.54802739
FTX,FTX,hrp_main,AccountType.UNIVERSAL,SRM,40.19883174,117.16523781255664,2.91464285754282,102.73314087,184.9034104839442,1.79984189053388,-62.53430913
FTX,FTX,hrp_main,AccountType.UNIVERSAL,USD,5985464.128477,5985464.128477,1.0,386517.77305049,386517.77305049,1.0,5598946.35542651
FTX,FTX,hrp_main,AccountType.UNIVERSAL,USDT,271750.42606976,271841.24248917866,1.00033419053185,424222.87606976,424277.2613928847,1.00012819988311,-152472.45
GENCPUS,HRP,Main Account,AccountType.MAIN,BTC,60.0,2501736.371116308,,60.0,2314638.960017532,,0.0
GENCPUS,HRP,Main Account,AccountType.MAIN,USD,-5000000.0,-5000000.0,,-5000000.0,-5000000.0,,0.0
GENCPUS,HRP,Main Account,AccountType.MAIN,USDT,5000000.0,5001670.952659249,,5000000.0,5000640.999415549,,0.0
GENCPUS,HRP,Main Account,AccountType.MAIN,WBTC,-60.0,-2502309.659979648,,-60.0,-2315162.653907862,,0.0
GRANDKY,FTX,GRANDKY1,AccountType.UNIVERSAL,BTC,-19.73615039,-822910.7542747384,41695.6061852718,-7.9204744,-305550.6438010248,38577.3160002922,-11.815675989999999
GRANDKY,FTX,GRANDKY1,AccountType.UNIVERSAL,ETH,-231.99343282,-723103.6349343117,3116.91424254822,-144.91344597,-371406.5060220342,2562.95406914085,-87.07998685000001
GRANDKY,FTX,GRANDKY1,AccountType.UNIVERSAL,USD,1521903.46184766,1521903.46184766,1.0,684734.04200763,684734.04200763,1.0,837169.4198400299
GRANDKY,FTX,GRANDKY1,AccountType.UNIVERSAL,USDT,989981.10216575,990311.944476804,1.00033419053185,989981.10216575,990108.0176273288,1.00012819988311,0.0
GRANDKY,HRP,Main Account,AccountType.MAIN,BTC,10.51239842,438320.8245829935,,10.51239842,405540.1157693125,,0.0
GRANDKY,HRP,Main Account,AccountType.MAIN,USD,-19232.701399190508,-19232.701399190508,,-38522.97693081067,-38522.97693081067,,19290.275531620162
GRANDKY,HRP,Main Account,AccountType.MAIN,USDT,-1000000.0,-1000334.19053185,,-1000000.0,-1000128.19988311,,0.0
HCDIGCI,BINANCE,hcdigital@hiddenroad.com,AccountType.MAIN,BTC,13.47850237,561994.3267867726,41695.6061852718,3.31966486,128063.76031928578,38577.3160002922,10.15883751
HCDIGCI,BINANCE,hcdigital@hiddenroad.com,AccountType.MAIN,ETH,0.99646944,3105.909789800049,3116.91424254822,1.39026944,3563.196718450171,2562.95406914085,-0.39379999999999993
HCDIGCI,BINANCE,hcdigital@hiddenroad.com,AccountType.MAIN,USDT,449333.84511767,449484.008234348,1.00033419053185,802720.33792347,802823.2465769617,1.00012819988311,-353386.49280579994
HCDIGCI,BINANCE,hcdigital@hiddenroad.com,AccountType.UMFUTURE,USDT,634854.42513574,635066.5874737233,1.00033419053185,651029.72131667,651113.1832508439,1.00012819988311,-16175.296180929989
HCDIGCI,FTX,HCDIG1,AccountType.UNIVERSAL,BTC,0.47692676,19885.75036417764,41695.6061852718,1.49342454,57612.31040217102,38577.3160002922,-1.01649778
HCDIGCI,FTX,HCDIG1,AccountType.UNIVERSAL,ETH,-4e-08,-0.0001246765697019,3116.91424254822,-4e-08,-0.0001025181627656,2562.95406914085,0.0
HCDIGCI,FTX,HCDIG1,AccountType.UNIVERSAL,USD,330582.86038493,330582.86038493,1.0,351419.73600937,351419.73600937,1.0,-20836.87562444003
HCDIGCI,FTX,HCDIG1,AccountType.UNIVERSAL,USDT,-19452.13092803,-19458.631646010454,1.00033419053185,-26347.20535112,-26350.58305976629,1.00012819988311,6895.074423089998
HCDIGCI,FTX,HCDIGKY2,AccountType.UNIVERSAL,USD,49.29513918,49.29513918,1.0,49.29513918,49.29513918,1.0,0.0
HCDIGCI,FTX,HCDIGKY2,AccountType.UNIVERSAL,USDT,948.0,948.3168126241936,1.00033419053185,948.0,948.1215334891882,1.00012819988311,0.0
HCDIGCI,HRP,Main Account,AccountType.MAIN,USD,1977931.973734589,1977931.973734589,,1883234.133919968,1883234.133919968,,94697.83981462102
HCDIGCI,HRP,Main Account,AccountType.MAIN,USDC,-330000.0,-329960.0325396326,,-330000.0,-329910.5874864155,,0.0
HCDIGCI,HRP,Main Account,AccountType.MAIN,USDT,-1647100.0,-1647650.44522501,,-1647100.0,-1647311.1580274703,,0.0
HRP,HRP,Main Account,AccountType.MAIN,BTC,-25.0005,-1042411.0024348876,,-28.0005,-1080184.136666182,,3.0
HRP,HRP,Main Account,AccountType.MAIN,ETH,1049.99375,3272740.4739616155,,1049.99375,2691085.754134961,,0.0
HRP,HRP,Main Account,AccountType.MAIN,USDT,149965.0,150015.11688310886,,44159.4433,44165.10453546926,,105805.5567
HRP CIV BVI,BINANCE,binancebvi@hiddenroad.com,AccountType.MAIN,BNB,11020.9815,5163908.492712721,468.552505302066,11020.8815,4212725.625897673,382.24942586468,0.1000000000003638
HRP CIV BVI,BINANCE,binancebvi@hiddenroad.com,AccountType.MAIN,BTC,3.99993941,166779.89840430842,41695.6061852718,0.73893941,28506.29912463948,38577.3160002922,3.261
HRP CIV BVI,BINANCE,binancebvi@hiddenroad.com,AccountType.MAIN,BUSD,19000.0,19000.906476196506,1.0000477092735,2219000.0,2218783.363989793,0.999902372235148,-2200000.0
HRP CIV BVI,BINANCE,binancebvi@hiddenroad.com,AccountType.MAIN,ETH,0.00254562,7.9344792341156,3116.91424254822,330.00259166,845781.4851220234,2562.95406914085,-330.00004604000003
HRP CIV BVI,BINANCE,binancebvi@hiddenroad.com,AccountType.MAIN,USDC,10000.0,9998.78886483735,0.999878886483735,8800.0,8797.615666304413,0.999729052989138,1200.0
HRP CIV BVI,BINANCE,binancebvi@hiddenroad.com,AccountType.MAIN,USDT,5931.93177494,5933.914170374765,1.00033419053185,1237166.41856248,1237325.0231527274,1.00012819988311,-1231234.48678754
HRP CIV BVI,BINANCE,binancebvi@hiddenroad.com,AccountType.UMFUTURE,BNB,32.0,14993.680169666111,468.552505302066,32.0,12231.98162766976,382.24942586468,0.0
HRP CIV BVI,COINBASE_PRIME,hrp_main,AccountType.MAIN,BTC,0.02306569,961.737926631562,41695.6061852718,0.02306569,889.8124118947799,38577.3160002922,0.0
HRP CIV BVI,COINBASE_PRIME,hrp_main,AccountType.MAIN,USD,0.71400974862516,0.71400974862516,1.0,0.71400974862516,0.71400974862516,1.0,0.0
HRP CIV BVI,COINBASE_PRIME,hrp_main,AccountType.MAIN,USDC,40000.0,39995.1554593494,0.999878886483735,49995.666886,49982.12070950119,0.999729052989138,-9995.666885999999
HRP CIV BVI,COINBASE_PRIME,hrp_main,AccountType.MAIN,USDT,49892.97681496043,49909.65057541779,1.00033419053185,49892.97681496043,49899.37308875612,1.00012819988311,0.0
HRP CIV BVI,FTX,hrp_main,AccountType.UNIVERSAL,BTC,26.50499343,1105141.7680004963,41695.6061852718,55.25399343,2131550.7648271797,38577.3160002922,-28.749000000000002
HRP CIV BVI,FTX,hrp_main,AccountType.UNIVERSAL,ETH,0.0016,4.987062788077153,3116.91424254822,1.0036,2572.180703789757,2562.95406914085,-1.002
HRP CIV BVI,FTX,hrp_main,AccountType.UNIVERSAL,FTT,27894.476354,1281701.1505057956,45.9482061695703,31494.836354,1272712.6676897733,40.4102010051604,-3600.3600000000006
HRP CIV BVI,FTX,hrp_main,AccountType.UNIVERSAL,SRM,1992.12116826,5806.321734428868,2.91464285754282,3335.74685913,6003.816933278991,1.79984189053388,-1343.6256908699997
HRP CIV BVI,FTX,hrp_main,AccountType.UNIVERSAL,SRM,1992.12116826,5806.321734428868,2.91464285754282,102.73314087,184.9034104839442,1.79984189053388,1889.3880273900002
HRP CIV BVI,FTX,hrp_main,AccountType.UNIVERSAL,SRM,40.19883174,117.16523781255664,2.91464285754282,3335.74685913,6003.816933278991,1.79984189053388,-3295.54802739
HRP CIV BVI,FTX,hrp_main,AccountType.UNIVERSAL,SRM,40.19883174,117.16523781255664,2.91464285754282,102.73314087,184.9034104839442,1.79984189053388,-62.53430913
HRP CIV BVI,FTX,hrp_main,AccountType.UNIVERSAL,USD,5985464.128477,5985464.128477,1.0,386517.77305049,386517.77305049,1.0,5598946.35542651
HRP CIV BVI,FTX,hrp_main,AccountType.UNIVERSAL,USDT,271750.42606976,271841.24248917866,1.00033419053185,424222.87606976,424277.2613928847,1.00012819988311,-152472.45
HRP CIV BVI,FireBlocks,,AccountType.VAULT,BTC,181.74941659,7578152.098539544,41695.6061852718,144.24608234000002,5564626.700234349,38577.3160002922,37.503334249999995
HRP CIV BVI,FireBlocks,,AccountType.VAULT,BUSD,2175950.0,2176053.8129936727,1.0000477092735,6849860.0,6849191.263478651,0.999902372235148,-4673910.0
HRP CIV BVI,FireBlocks,,AccountType.VAULT,ETH,511.46577393620265,1594194.9553576985,3116.91424254822,-339.8903492318838,-871123.3536255612,2562.95406914085,851.3561231680865
HRP CIV BVI,FireBlocks,,AccountType.VAULT,LUNA,-0.0399999999854481,-3.199456947422735,79.9864237146672,0.9208360000129324,78.50527772477751,85.2543533524699,-0.9608359999983805
HRP CIV BVI,FireBlocks,,AccountType.VAULT,USD,70163996.0,70163996.0,1.0,66520038.5,66520038.5,1.0,3643957.5
HRP CIV BVI,FireBlocks,,AccountType.VAULT,USDC,-1.1579208923731621e+71,-1.15778065250233e+71,0.999878886483735,-1.1579208923731621e+71,-1.1576071571685586e+71,0.999729052989138,0.0
HRP CIV BVI,FireBlocks,,AccountType.VAULT,USDT,1059062.0508043196,1059415.9793143398,1.00033419053185,10858478.72977432,10859870.785478229,1.00012819988311,-9799416.678970002
HRP CIV BVI,FireBlocks,,AccountType.VAULT,WBTC,-60.0,-2502309.659979648,41705.1609996608,-60.0,-2315162.653907862,38586.0442317977,0.0
HRP CIV BVI,HUOBI,hrp_main,AccountType.UMFUTURE,USDT,0.0,0.0,1.00033419053185,100000.0,100012.819988311,1.00012819988311,-100000.0
HRP CIV BVI,HUOBI,hrp_main,spot,HT,100000.0,992912.0635520412,9.92912063552041,100000.0,919042.762237952,9.19042762237952,0.0
HRP CIV BVI,OKEX,hrp_main,AccountType.MAIN,ETH,0.01395715,43.50323962038189,3116.91424254822,4.00518715,10265.110703763145,2562.95406914085,-3.9912300000000003
HRP CIV BVI,OKEX,hrp_main,AccountType.MAIN,USDC,23.009826,23.007039199064494,0.999878886483735,23.009826,23.003591556424844,0.999729052989138,0.0
HRP CIV BVI,OKEX,hrp_main,AccountType.MAIN,USDT,125000.000993,125041.77480981308,1.00033419053185,73000.000993,73009.35958459432,1.00012819988311,52000.0
HUOBI,HUOBI,hrp_main,AccountType.UMFUTURE,USDT,0.0,0.0,1.00033419053185,100000.0,100012.819988311,1.00012819988311,-100000.0
HUOBI,HUOBI,hrp_main,spot,HT,100000.0,992912.0635520412,9.92912063552041,100000.0,919042.762237952,9.19042762237952,0.0
MAKESNL,BINANCE,hrp_52359464322@hiddenroad.com,AccountType.CMFUTURE,ETH,29.84430188,93022.12958868062,3116.91424254822,116.94081888,299713.94759715913,2562.95406914085,-87.09651699999999
MAKESNL,BINANCE,hrp_52359464322@hiddenroad.com,AccountType.UMFUTURE,BNB,12.22256335,5726.912678855712,468.552505302066,30.05738143,11489.416794613197,382.24942586468,-17.834818079999998
MAKESNL,BINANCE,hrp_52359464322@hiddenroad.com,AccountType.UMFUTURE,BUSD,84966.8707855,84970.92449317675,1.0000477092735,155422.09924324,155406.92573108227,0.999902372235148,-70455.22845774
MAKESNL,BINANCE,hrp_52359464322@hiddenroad.com,AccountType.UMFUTURE,USDT,97472.25144124,97504.82574478976,1.00033419053185,255392.13700417,255424.87824628115,1.00012819988311,-157919.88556293002
MAKESNL,BINANCE,makesense@hiddenroad.com,AccountType.CMFUTURE,BTC,4.05039309,168883.59517618615,41695.6061852718,10.26093416,395839.2995485128,38577.3160002922,-6.21054107
MAKESNL,BINANCE,makesense@hiddenroad.com,AccountType.CMFUTURE,ETH,5.751e-05,0.1792537380889481,3116.91424254822,5.751e-05,0.1473954885162903,2562.95406914085,0.0
MAKESNL,BINANCE,makesense@hiddenroad.com,AccountType.UMFUTURE,BNB,13.55496954,6351.2149372601925,468.552505302066,5.29e-06,0.0020220994628241,382.24942586468,13.55496425
MAKESNL,BINANCE,makesense@hiddenroad.com,AccountType.UMFUTURE,BUSD,88070.95740371,88075.15920510418,1.0000477092735,233283.39091639,233260.6159803577,0.999902372235148,-145212.43351268
MAKESNL,BINANCE,makesense@hiddenroad.com,AccountType.UMFUTURE,USDT,157441.30440946,157493.91980271574,1.00033419053185,301694.83581382,301733.5130565062,1.00012819988311,-144253.53140436002
MAKESNL,FTX,MAKESNL1,AccountType.UNIVERSAL,BTC,2.0,83391.2123705436,41695.6061852718,2.0,77154.6320005844,38577.3160002922,0.0
MAKESNL,FTX,MAKESNL1,AccountType.UNIVERSAL,USD,193587.5925447,193587.5925447,1.0,365105.27752051,365105.27752051,1.0,-171517.68497581003
MAKESNL,FTX,MAKESNL2,AccountType.UNIVERSAL,USD,181609.87531854,181609.87531854,1.0,273520.55107737,273520.55107737,1.0,-91910.67575883001
MAKESNL,FTX,MAKESNL2,AccountType.UNIVERSAL,USDT,25000.0,25008.354763296247,1.00033419053185,25000.0,25003.204997077748,1.00012819988311,0.0
MAKESNL,HRP,Main Account,AccountType.MAIN,BNB,0.0,0.0,,0.0,0.0,,0.0
MAKESNL,HRP,Main Account,AccountType.MAIN,BTC,1.75,72967.31082422564,,0.0,0.0,,1.75
MAKESNL,HRP,Main Account,AccountType.MAIN,BUSD,-5000.0,-5000.2385463675,,0.0,0.0,,-5000.0
MAKESNL,HRP,Main Account,AccountType.MAIN,ETH,-3.991226535640768,-12440.3108341751,,-9.653564076828049e-05,-0.2474164133241838,,-3.9911299999999996
MAKESNL,HRP,Main Account,AccountType.MAIN,USD,-42980.14844728675,-42980.14844728675,,-242854.55557761996,-242854.55557761996,,199874.40713033322
MAKESNL,HRP,Main Account,AccountType.MAIN,USDC,100000.0,99987.8886483735,,100000.0,99972.9052989138,,0.0
MAKESNL,HRP,Main Account,AccountType.MAIN,USDT,-185091.5492,-185153.40504326808,,-295091.5492,-295129.37990211416,,110000.0
MAKESNL,OKEX,MAKESNL1,AccountType.UNIVERSAL,BTC,1.2251965863404064,51085.31436358894,41695.6061852718,-0.9606304085166044,-37058.54282883484,38577.3160002922,2.1858269948570106
MAKESNL,OKEX,MAKESNL1,AccountType.UNIVERSAL,USDT,123456.8200494819,123498.07814983474,1.00033419053185,301734.0477162004,301772.72998584795,1.00012819988311,-178277.2276667185
MAKESNL,OKEX,MAKESNL2,AccountType.UNIVERSAL,ETH,2.350776245753269,7327.167961432399,3116.91424254822,26.71868250489884,68478.75604801292,2562.95406914085,-24.36790625914557
MAKESNL,OKEX,MAKESNL2,AccountType.UNIVERSAL,USDT,78319.1484301429,78345.32194801081,1.00033419053185,289188.23695804575,289225.31085622055,1.00012819988311,-210869.08852790284
NAMNAKY,BINANCE,hrp_02203487751@hiddenroad.com,AccountType.MAIN,USDT,1.9358,1.936446926031555,1.00033419053185,0.75189526,0.7519916528844429,1.00012819988311,1.18390474
NAMNAKY,BINANCE,hrp_02203487751@hiddenroad.com,AccountType.UMFUTURE,BNB,17.58164821,8237.925316135084,468.552505302066,11.77195753,4499.824007145897,382.24942586468,5.809690680000001
NAMNAKY,BINANCE,hrp_02203487751@hiddenroad.com,AccountType.UMFUTURE,USDT,489721.13416683,489884.79433311534,1.00033419053185,915964.66845506,916082.0950184888,1.00012819988311,-426243.53428823
NAMNAKY,BINANCE,hrp_02203487752@hiddenroad.com,AccountType.MAIN,ADA,4755.7,6413.787150081324,1.34865259584947,1957.8,1558.1638114351122,0.795874865377011,2797.8999999999996
NAMNAKY,BINANCE,hrp_02203487752@hiddenroad.com,AccountType.MAIN,BNB,1.0,468.552505302066,468.552505302066,0.99928714,381.9769355389581,382.24942586468,0.0007128600000000374
NAMNAKY,BINANCE,hrp_02203487752@hiddenroad.com,AccountType.MAIN,BTC,0.02501,1042.8071106936477,41695.6061852718,0.00135,52.07937660039448,38577.3160002922,0.02366
NAMNAKY,BINANCE,hrp_02203487752@hiddenroad.com,AccountType.MAIN,ETH,0.0506,157.71586067293993,3116.91424254822,0.0016,4.1007265106253605,2562.95406914085,0.049
NAMNAKY,BINANCE,hrp_02203487752@hiddenroad.com,AccountType.MAIN,USDT,4570.9761167,4572.503693639513,1.00033419053185,9926.51187272,9927.784450381772,1.00012819988311,-5355.535756020001
NAMNAKY,BINANCE,hrp_02203487752@hiddenroad.com,AccountType.UMFUTURE,USDT,12000.6782948,12004.6888078619,1.00033419053185,11393.33546214,11394.79608641448,1.00012819988311,607.3428326600006
NAMNAKY,FTX,NAMNAKY1,AccountType.UNIVERSAL,BCH,0.0197631,7.341668626495239,371.483655220853,0.0197631,5.600310572812563,283.372070819485,0.0
NAMNAKY,FTX,NAMNAKY1,AccountType.UNIVERSAL,BNB,0.173363,81.22966797668207,468.552505302066,0.173363,66.26790721617851,382.24942586468,0.0
NAMNAKY,FTX,NAMNAKY1,AccountType.UNIVERSAL,BTC,2.90423176,121093.7037357188,41695.6061852718,3.176e-05,1.2252155561692804,38577.3160002922,2.9042
NAMNAKY,FTX,NAMNAKY1,AccountType.UNIVERSAL,DOGE,1.4992,0.2430911087085859,0.16214721765514,1.4992,0.1747592100244817,0.116568309781538,0.0
NAMNAKY,FTX,NAMNAKY1,AccountType.UNIVERSAL,ETH,0.01270695,39.6064734343481,3116.91424254822,0.01270695,32.567329208869324,2562.95406914085,0.0
NAMNAKY,FTX,NAMNAKY1,AccountType.UNIVERSAL,FTT,0.38786,17.821471244929533,45.9482061695703,0.38786,15.673500561861513,40.4102010051604,0.0
NAMNAKY,FTX,NAMNAKY1,AccountType.UNIVERSAL,LINK,0.62254,13.542473822936216,21.7535802083982,0.62254,8.10164790638157,13.0138592000218,0.0
NAMNAKY,FTX,NAMNAKY1,AccountType.UNIVERSAL,LTC,0.046521,6.371833107928189,136.966813007635,0.046521,4.63427591707295,99.6168594198953,0.0
NAMNAKY,FTX,NAMNAKY1,AccountType.UNIVERSAL,MATIC,71.091,147.58620146584255,2.07601808197722,71.091,102.6546188259108,1.44398895536581,0.0
NAMNAKY,FTX,NAMNAKY1,AccountType.UNIVERSAL,SOL,550.932113,74868.44178892039,135.894132910928,0.732113,60.100129927312665,82.0913300642287,550.1999999999999
NAMNAKY,FTX,NAMNAKY1,AccountType.UNIVERSAL,SUSHI,2.19085,13.268188056284108,6.05618278580647,2.19085,6.243853670445816,2.84996858317357,0.0
NAMNAKY,FTX,NAMNAKY1,AccountType.UNIVERSAL,USD,-195339.96912028,-195339.96912028,1.0,423.27687125,423.27687125,1.0,-195763.24599153
NAMNAKY,FTX,NAMNAKY1,AccountType.UNIVERSAL,USDT,254036.19,254121.08648944524,1.00033419053185,4397.065,4397.628703219027,1.00012819988311,249639.125
NAMNAKY,FTX,NAMNAKY1,AccountType.UNIVERSAL,XRP,-2.20260841,-1.6277540197252731,0.739011987939006,-2.20960383,-1.5881289969283603,0.718739248803873,0.0069954199999999744
NAMNAKY,FTX,NAMNAKY2,AccountType.UNIVERSAL,USD,1639272.62766475,1639272.62766475,1.0,32295.97277392,32295.97277392,1.0,1606976.65489083
NAMNAKY,FTX,NAMNAKY2,AccountType.UNIVERSAL,USDT,-624493.54592134,-624702.2457515883,1.00033419053185,1000340.96687764,1000469.210472664,1.00012819988311,-1624834.5127989799
NAMNAKY,FTX,NAMNAKY3,AccountType.UNIVERSAL,USD,24428.1459739,24428.1459739,1.0,25067.0248471,25067.0248471,1.0,-638.878873200003
NAMNAKY,FTX,NAMNAKY4,AccountType.UNIVERSAL,USD,356634.0662562,356634.0662562,1.0,573964.81536925,573964.81536925,1.0,-217330.74911305
NAMNAKY,FTX,NAMNAKY4,AccountType.UNIVERSAL,USDT,200000.0,200066.83810637,1.00033419053185,790000.0,790101.2779076569,1.00012819988311,-590000.0
NAMNAKY,FTX,NAMNAKY5,AccountType.UNIVERSAL,USD,164.12710889,164.12710889,1.0,355.99800286,355.99800286,1.0,-191.87089397
NAMNAKY,FTX,NAMNAKY5,AccountType.UNIVERSAL,USDT,25000.0,25008.354763296247,1.00033419053185,25000.0,25003.204997077748,1.00012819988311,0.0
NAMNAKY,HRP,Main Account,AccountType.MAIN,BNB,0.0,0.0,,0.0,0.0,,0.0
NAMNAKY,HRP,Main Account,AccountType.MAIN,USD,962736.1910762532,962736.1910762532,,1165265.249326104,1165265.249326104,,-202529.05824985087
NAMNAKY,HRP,Main Account,AccountType.MAIN,USDT,-2375450.0,-2376243.8528988827,,-3625450.0,-3625914.782266221,,1250000.0
ODUMGKY,BINANCE,odumgroup2@hiddenroad.com,AccountType.MAIN,BUSD,15000.0,15000.7156391025,1.0000477092735,15000.0,14998.53558352722,0.999902372235148,0.0
ODUMGKY,BINANCE,odumgroup2@hiddenroad.com,AccountType.MARGIN,BUSD,15000.0,15000.7156391025,1.0000477092735,,,,
ODUMGKY,BINANCE,odumgroup3@hiddenroad.com,AccountType.MAIN,USDT,5000.0,5001.670952659249,1.00033419053185,,,,
ODUMGKY,BINANCE,odumgroup3@hiddenroad.com,AccountType.MARGIN,USDT,5000.0,5001.670952659249,1.00033419053185,,,,
ODUMGKY,BINANCE,odumgroup@hiddenroad.com,AccountType.MARGIN,BNB,0.45859992,214.87814144732704,468.552505302066,0.07983723,30.517735330126406,382.24942586468,0.37876269
ODUMGKY,BINANCE,odumgroup@hiddenroad.com,AccountType.MARGIN,BTC,0.01445516,602.7166587050934,41695.6061852718,0.05986316,2309.360040096052,38577.3160002922,-0.045408
ODUMGKY,BINANCE,odumgroup@hiddenroad.com,AccountType.MARGIN,BUSD,19116.1023054,19117.014320753144,1.0000477092735,12938.51703605,12937.253877551271,0.999902372235148,6177.58526935
ODUMGKY,BINANCE,odumgroup@hiddenroad.com,AccountType.MARGIN,USDC,33616.1456372,33612.074267598604,0.999878886483735,11436.17282131,11433.074224468364,0.999729052989138,22179.972815890003
ODUMGKY,BINANCE,odumgroup@hiddenroad.com,AccountType.MARGIN,USDT,4649.0004896,4650.55414154619,1.00033419053185,79432.31998214,79442.50319627687,1.00012819988311,-74783.31949254
ODUMGKY,BINANCE,odumgroup@hiddenroad.com,AccountType.UMFUTURE,USDT,595.66686809,595.8659343174523,1.00033419053185,32764.27487989,32768.47525609979,1.00012819988311,-32168.6080118
ODUMGKY,HRP,Main Account,AccountType.MAIN,BUSD,-30000.0,-30001.431278205,,-60000.0,-59994.14233410888,,30000.0
ODUMGKY,HRP,Main Account,AccountType.MAIN,USD,98306.05418835596,98306.05418835596,,96065.95456367974,96065.95456367974,,2240.0996246762224
ODUMGKY,HRP,Main Account,AccountType.MAIN,USDC,50000.0,49993.94432418675,,10000.0,9997.29052989138,,40000.0
ODUMGKY,HRP,Main Account,AccountType.MAIN,USDT,-20000.0,-20006.683810637,,-55000.0,-55007.05099357105,,35000.0
OKEX,OKEX,APCAPKY1,AccountType.MAIN,USDT,8.5e-07,8.502840619520725e-07,1.00033419053185,8.5e-07,8.501089699006435e-07,1.00012819988311,0.0
OKEX,OKEX,APCAPKY1,AccountType.UNIVERSAL,ETH,1.7822682e-09,5.555177136620779e-06,3116.91424254822,1.7822682e-09,4.567871535490339e-06,2562.95406914085,0.0
OKEX,OKEX,APCAPKY1,AccountType.UNIVERSAL,USDT,1.971e-09,1.971658689538276e-09,1.00033419053185,1.971e-09,1.9712526819696102e-09,1.00012819988311,0.0
OKEX,OKEX,MAKESNL1,AccountType.UNIVERSAL,BTC,1.2251965863404064,51085.31436358894,41695.6061852718,-0.9606304085166044,-37058.54282883484,38577.3160002922,2.1858269948570106
OKEX,OKEX,MAKESNL1,AccountType.UNIVERSAL,USDT,123456.8200494819,123498.07814983474,1.00033419053185,301734.0477162004,301772.72998584795,1.00012819988311,-178277.2276667185
OKEX,OKEX,MAKESNL2,AccountType.UNIVERSAL,ETH,2.350776245753269,7327.167961432399,3116.91424254822,26.71868250489884,68478.75604801292,2562.95406914085,-24.36790625914557
OKEX,OKEX,MAKESNL2,AccountType.UNIVERSAL,USDT,78319.1484301429,78345.32194801081,1.00033419053185,289188.23695804575,289225.31085622055,1.00012819988311,-210869.08852790284
OKEX,OKEX,XMONEVG1,AccountType.MAIN,ETH,0.001,3.11691424254822,3116.91424254822,0.001,2.5629540691408503,2562.95406914085,0.0
OKEX,OKEX,XMONEVG1,AccountType.MAIN,USDT,0.999985,1.000319185518992,1.00033419053185,0.999985,1.0001131979601117,1.00012819988311,0.0
OKEX,OKEX,XMONEVG1,AccountType.UNIVERSAL,BTC,8.131203358777435,339035.4530599433,41695.6061852718,2.313851764533584,89262.19069824576,38577.3160002922,5.817351594243851
OKEX,OKEX,XMONEVG1,AccountType.UNIVERSAL,ETH,198.12062985676403,617525.012943172,3116.91424254822,-18.638200872778185,-47768.8527683514,2562.95406914085,216.7588307295422
OKEX,OKEX,XMONEVG1,AccountType.UNIVERSAL,USDT,3051893.21350514,3052913.12732131,1.00033419053185,963311.078990812,963434.5753585371,1.00012819988311,2088582.134514328
OKEX,OKEX,hrp_main,AccountType.MAIN,ETH,0.01395715,43.50323962038189,3116.91424254822,4.00518715,10265.110703763145,2562.95406914085,-3.9912300000000003
OKEX,OKEX,hrp_main,AccountType.MAIN,USDC,23.009826,23.007039199064494,0.999878886483735,23.009826,23.003591556424844,0.999729052989138,0.0
OKEX,OKEX,hrp_main,AccountType.MAIN,USDT,125000.000993,125041.77480981308,1.00033419053185,73000.000993,73009.35958459432,1.00012819988311,52000.0
PROFLKY,BINANCE,hrp_85292747371@hiddenroad.com,AccountType.MAIN,USDT,2004475.9045,2005145.781368605,1.00033419053185,0.0697,0.0697089355318527,1.00012819988311,2004475.8347999998
PROFLKY,BINANCE,hrp_85292747372@hiddenroad.com,AccountType.MAIN,BUSD,1740578.7745,1740661.816248801,1.0000477092735,797369.2626,797291.4172211307,0.999902372235148,943209.5119
PROFLKY,BINANCE,hrp_85292747372@hiddenroad.com,AccountType.MAIN,USDC,264663.91,264631.85562323144,0.999878886483735,1215556.0,1215226.6487352643,0.999729052989138,-950892.0900000001
PROFLKY,BINANCE,hrp_85292747373@hiddenroad.com,AccountType.MAIN,BTC,1.94232413,80986.38200863067,41695.6061852718,1.90108955,73338.9323152033,38577.3160002922,0.04123458000000002
PROFLKY,BINANCE,hrp_85292747373@hiddenroad.com,AccountType.MAIN,USDT,120.7699768,120.81033698277828,1.00033419053185,120.7699768,120.78545949690894,1.00012819988311,0.0
PROFLKY,BINANCE,hrp_85292747373@hiddenroad.com,AccountType.MAIN,WBTC,0.00118632,49.4756665971176,41705.1609996608,0.09541632,3681.7383439553632,38586.0442317977,-0.09423
PROFLKY,BINANCE,hrp_85292747374@hiddenroad.com,AccountType.MAIN,ADA,88.5,119.3557547326781,1.34865259584947,2.2,1.7509247038294244,0.795874865377011,86.3
PROFLKY,BINANCE,hrp_85292747374@hiddenroad.com,AccountType.MAIN,BTC,0.00355421,148.19494045975486,41695.6061852718,0.56274421,21709.16121650479,38577.3160002922,-0.55919
PROFLKY,BINANCE,hrp_85292747374@hiddenroad.com,AccountType.MAIN,BUSD,10886.6335264,10887.152919776408,1.0000477092735,5832.48593869,5831.916526124275,0.999902372235148,5054.147587710001
PROFLKY,BINANCE,hrp_85292747374@hiddenroad.com,AccountType.MAIN,ETH,0.077,240.00239667621292,3116.91424254822,3.9699,10174.67135908226,2562.95406914085,-3.8929
PROFLKY,BINANCE,hrp_85292747374@hiddenroad.com,AccountType.MAIN,USDT,66177.19582915,66199.31162142048,1.00033419053185,28792.16673885,28795.857891260403,1.00012819988311,37385.029090300006
PROFLKY,FTX,PROFLKY1,AccountType.UNIVERSAL,USD,998892.55102371,998892.55102371,1.0,1000.68948115,1000.68948115,1.0,997891.86154256
PROFLKY,FTX,PROFLKY1,AccountType.UNIVERSAL,USDT,1000.49225475,1000.8266097887266,1.00033419053185,1009401.94285475,1009531.348065835,1.00012819988311,-1008401.4506
PROFLKY,FTX,PROFLKY2,AccountType.UNIVERSAL,AAVE,0.01187,2.530206020223152,213.159732116525,0.01187,1.4519292080886277,122.31922561825,0.0
PROFLKY,FTX,PROFLKY2,AccountType.UNIVERSAL,BAT,0.004,0.0038651086660231,0.966277166505781,0.004,0.0025938847238242,0.648471180956073,0.0
PROFLKY,FTX,PROFLKY2,AccountType.UNIVERSAL,BCH,0.0101755,3.7800319336997896,371.483655220853,0.0101755,2.8834525066236694,283.372070819485,0.0
PROFLKY,FTX,PROFLKY2,AccountType.UNIVERSAL,BNB,0.270242,126.6225661378409,468.552505302066,14.534547,5555.822245953207,382.24942586468,-14.264305
PROFLKY,FTX,PROFLKY2,AccountType.UNIVERSAL,BTC,0.02139696,892.1592177220132,41695.6061852718,1.64808431,63578.669221993536,38577.3160002922,-1.62668735
PROFLKY,FTX,PROFLKY2,AccountType.UNIVERSAL,CHZ,0.197,0.0489452693143862,0.248453143727849,0.197,0.0380611010040657,0.193203558396273,0.0
PROFLKY,FTX,PROFLKY2,AccountType.UNIVERSAL,COMP,0.03601442,6.139250251094697,170.466447914327,0.03601442,3.7509028472762194,104.150027885392,0.0
PROFLKY,FTX,PROFLKY2,AccountType.UNIVERSAL,CRV,0.0481,0.2059968273854567,4.28267832402197,0.2382,0.4907541070051517,2.06026073469837,-0.1901
PROFLKY,FTX,PROFLKY2,AccountType.UNIVERSAL,DOGE,367.7844,59.63521715696508,0.16214721765514,55.9655,6.523803741078664,0.116568309781538,311.8189
PROFLKY,FTX,PROFLKY2,AccountType.UNIVERSAL,DOT,0.21651,5.2300672964354415,24.156238956332,96.39882,1635.9928796541765,16.971088231725,-96.18231
PROFLKY,FTX,PROFLKY2,AccountType.UNIVERSAL,ENJ,0.0322,0.0731078557285141,2.27043030212777,0.0322,0.0427284549336041,1.32697065011193,0.0
PROFLKY,FTX,PROFLKY2,AccountType.UNIVERSAL,ETH,0.1643825,512.3661554756827,3116.91424254822,12.72468628,32612.786479866747,2562.95406914085,-12.56030378
PROFLKY,FTX,PROFLKY2,AccountType.UNIVERSAL,FTT,3.69254,169.6655892093851,45.9482061695703,59.40261,2400.471410331152,40.4102010051604,-55.71007
PROFLKY,FTX,PROFLKY2,AccountType.UNIVERSAL,GRT,0.038,0.020076411382872,0.528326615338737,0.038,0.0128724404618424,0.338748433206381,0.0
PROFLKY,FTX,PROFLKY2,AccountType.UNIVERSAL,HT,0.00131,0.0130071480325317,9.92912063552041,0.00131,0.0120394601853171,9.19042762237952,0.0
PROFLKY,FTX,PROFLKY2,AccountType.UNIVERSAL,LINK,0.03105,0.6754486654707642,21.7535802083982,0.48606,6.325516402762596,13.0138592000218,-0.45500999999999997
PROFLKY,FTX,PROFLKY2,AccountType.UNIVERSAL,LTC,0.27884892,38.193047883020974,136.966813007635,10.61204192,1057.138288102676,99.6168594198953,-10.333193
PROFLKY,FTX,PROFLKY2,AccountType.UNIVERSAL,MANA,0.0987,0.2752047660014729,2.78829550153468,0.8462,2.018048094816152,2.38483584828191,-0.7474999999999999
PROFLKY,FTX,PROFLKY2,AccountType.UNIVERSAL,MATIC,9.889,20.52974281267273,2.07601808197722,690.831,997.552334024318,1.44398895536581,-680.942
PROFLKY,FTX,PROFLKY2,AccountType.UNIVERSAL,MKR,1.54e-05,0.0310773213132517,2018.00787748388,1.54e-05,0.0267657583761963,1738.03625819457,0.0
PROFLKY,FTX,PROFLKY2,AccountType.UNIVERSAL,OKB,0.00067,0.0170945102414492,25.5141943902227,0.00067,0.0117792979246233,17.5810416785423,0.0
PROFLKY,FTX,PROFLKY2,AccountType.UNIVERSAL,RUNE,0.77568,4.226572632263471,5.44886116989412,0.7294,3.0207554050294183,4.14142501375023,0.04627999999999999
PROFLKY,FTX,PROFLKY2,AccountType.UNIVERSAL,SHIB,780.0,0.0215477045961425,2.76252623027469e-05,60880.0,1.398069030084936,2.29643401787933e-05,-60100.0
PROFLKY,FTX,PROFLKY2,AccountType.UNIVERSAL,SNX,0.00223,0.0110606807711268,4.95994653413761,0.00223,0.0086304008528379,3.87013491158653,0.0
PROFLKY,FTX,PROFLKY2,AccountType.UNIVERSAL,SOL,1.892967,257.24310909400066,135.894132910928,104.398528,8570.214020267622,82.0913300642287,-102.505561
PROFLKY,FTX,PROFLKY2,AccountType.UNIVERSAL,SUSHI,7.88599874,47.75904981807951,6.05618278580647,0.22864874,0.6516417255822219,2.84996858317357,7.65735
PROFLKY,FTX,PROFLKY2,AccountType.UNIVERSAL,UNI,0.005715,0.0876671649076703,15.3398363792949,0.009355,0.081541476963747,8.71635242797937,-0.003640000000000001
PROFLKY,FTX,PROFLKY2,AccountType.UNIVERSAL,USD,128239.29001947,128239.29001947,1.0,107939.32559173,107939.32559173,1.0,20299.964427740008
PROFLKY,FTX,PROFLKY2,AccountType.UNIVERSAL,USDT,47147.88395061,47163.64032702305,1.00033419053185,26491.85221953,26495.24847188791,1.00012819988311,20656.03173108
PROFLKY,FTX,PROFLKY2,AccountType.UNIVERSAL,WBTC,0.00020026,8.351875541792072,41705.1609996608,0.00040247,15.52972522197162,38586.0442317977,-0.00020220999999999998
PROFLKY,FTX,PROFLKY2,AccountType.UNIVERSAL,XRP,21.8646,16.15820151149119,0.739011987939006,3480.67708336,2501.6992322230217,0.718739248803873,-3458.81248336
PROFLKY,FTX,PROFLKY2,AccountType.UNIVERSAL,YFI,1.02e-05,0.3280551089880722,32162.2655870659,2.12e-05,0.4066001257922655,19179.2512166163,-1.1e-05
PROFLKY,FTX,PROFLKY2,AccountType.UNIVERSAL,ZRX,0.0071,0.0048855333583005,0.688103289901489,0.0071,0.003468088296988,0.48846314042085,0.0
PROFLKY,HRP,Main Account,AccountType.MAIN,USD,-50226.00951371044,-50226.00951371044,,-2240971.057695018,-2240971.057695018,,2190745.0481813075
PROFLKY,HRP,Main Account,AccountType.MAIN,USDC,-2200000.0,-2199733.550264217,,-3200000.0,-3199132.9695652416,,1000000.0
PROFLKY,HRP,Main Account,AccountType.MAIN,USDT,-2200000.0,-2200735.21917007,,-2200000.0,-2200282.039742842,,0.0
PROFUKY,BINANCE,hrp_40120581901@hiddenroad.com,AccountType.MAIN,ADA,73.5,99.12596579493604,1.34865259584947,2.2,1.7509247038294244,0.795874865377011,71.3
PROFUKY,BINANCE,hrp_40120581901@hiddenroad.com,AccountType.MAIN,BTC,0.00458,190.9658763285448,41695.6061852718,0.71472,27571.979291728843,38577.3160002922,-0.71014
PROFUKY,BINANCE,hrp_40120581901@hiddenroad.com,AccountType.MAIN,BUSD,64199.5673444,64202.63025911702,1.0000477092735,43115.33698701,43111.12773302912,0.999902372235148,21084.23035739
PROFUKY,BINANCE,hrp_40120581901@hiddenroad.com,AccountType.MAIN,DOT,1.52,36.71748321362464,24.156238956332,0.14,2.3759523524415,16.971088231725,1.38
PROFUKY,BINANCE,hrp_40120581901@hiddenroad.com,AccountType.MAIN,ETC,4.49,142.581394977791,31.7553218213343,0.07,1.835258585567428,26.2179797938204,4.42
PROFUKY,BINANCE,hrp_40120581901@hiddenroad.com,AccountType.MAIN,ETH,0.1395,434.8095368354768,3116.91424254822,24.9136,63852.41249694748,2562.95406914085,-24.774099999999997
PROFUKY,BINANCE,hrp_40120581901@hiddenroad.com,AccountType.MAIN,EUR,9715.4367813,11021.70095372879,1.13445243912688,4657.09084397,5076.81010540438,1.09012477434874,5058.345937330001
PROFUKY,BINANCE,hrp_40120581901@hiddenroad.com,AccountType.MAIN,FIL,0.26,7.272358475965128,27.9706095229428,56.76,1015.7213799156868,17.8950207878028,-56.5
PROFUKY,BINANCE,hrp_40120581901@hiddenroad.com,AccountType.MAIN,LINK,0.37,8.048824677107334,21.7535802083982,0.31,4.034296352006758,13.0138592000218,0.06
PROFUKY,BINANCE,hrp_40120581901@hiddenroad.com,AccountType.MAIN,LTC,0.036,4.93080526827486,136.966813007635,0.036,3.586206939116231,99.6168594198953,0.0
PROFUKY,BINANCE,hrp_40120581901@hiddenroad.com,AccountType.MAIN,OMG,1.4,7.753466990131687,5.53819070723692,58.6,221.12192278027212,3.77341165154048,-57.2
PROFUKY,BINANCE,hrp_40120581901@hiddenroad.com,AccountType.MAIN,USDT,170769.9544075,170827.02410938742,1.00033419053185,61660.35935117,61668.26420203134,1.00012819988311,109109.59505632998
PROFUKY,BINANCE,hrp_40120581901@hiddenroad.com,AccountType.MAIN,XRP,39.0,28.821467529621238,0.739011987939006,9777.0,7027.113635555466,0.718739248803873,-9738.0
PROFUKY,HRP,Main Account,AccountType.MAIN,USDT,-300000.0,-300100.257159555,,-300000.0,-300038.459964933,,0.0
QUEUEGB,FTX,QUEUEGB1,AccountType.UNIVERSAL,USD,38683.44522561,38683.44522561,1.0,36287.33610623,36287.33610623,1.0,2396.109119379995
QUEUEGB,FTX,QUEUEGB2,AccountType.UNIVERSAL,USD,9879.21589666,9879.21589666,1.0,5917.68970019,5917.68970019,1.0,3961.5261964700003
QUEUEGB,HRP,Main Account,AccountType.MAIN,USD,-1145.3765306008208,-1145.3765306008208,,-4081.731602116976,-4081.731602116976,,2936.355071516155
QUEUEGB,HRP,Main Account,AccountType.MAIN,USDC,0.0,0.0,,0.0,0.0,,0.0
RADKLKY,COINBASE_PRIME,RADKLKY1,AccountType.MAIN,USDC,9995.666886358908,9994.456275994888,0.999878886483735,3.589075e-07,3.588102550856991e-07,0.999729052989138,9995.666886
RADKLKY,HRP,Main Account,AccountType.MAIN,USD,49999.94301438059,49999.94301438059,,49999.8755423772,49999.8755423772,,0.06747200338577386
RADKLKY,HRP,Main Account,AccountType.MAIN,USDC,-10000.0,-9998.78886483735,,-1004.3331139999992,-1004.060992944851,,-8995.666886
SELINVG,BINANCE,selini10@hiddenroad.com,AccountType.MAIN,USDT,50000.0,50016.709526592495,1.00033419053185,,,,
SELINVG,BINANCE,selini10@hiddenroad.com,AccountType.UMFUTURE,USDT,49754.67790559,49771.30544786129,1.00033419053185,,,,
SELINVG,BINANCE,selini1@hiddenroad.com,AccountType.CMFUTURE,BTC,0.06753864,2816.064535728845,41695.6061852718,,,,
SELINVG,BINANCE,selini1@hiddenroad.com,AccountType.MAIN,USDT,90045.55324312,90075.64561444904,1.00033419053185,,,,
SELINVG,BINANCE,selini1@hiddenroad.com,AccountType.UMFUTURE,USDT,50052.41671026,50069.14375402077,1.00033419053185,,,,
SELINVG,BINANCE,selini2@hiddenroad.com,AccountType.MAIN,USDT,80000.0,80026.73524254799,1.00033419053185,,,,
SELINVG,BINANCE,selini2@hiddenroad.com,AccountType.UMFUTURE,USDT,50119.43587422,50136.18531515082,1.00033419053185,,,,
SELINVG,BINANCE,selini3@hiddenroad.com,AccountType.MAIN,USDT,60000.0,60020.05143191099,1.00033419053185,,,,
SELINVG,BINANCE,selini3@hiddenroad.com,AccountType.UMFUTURE,USDT,51600.38733033,51617.63169121558,1.00033419053185,,,,
SELINVG,BINANCE,selini4@hiddenroad.com,AccountType.MAIN,USDT,100000.0,100033.419053185,1.00033419053185,,,,
SELINVG,BINANCE,selini4@hiddenroad.com,AccountType.UMFUTURE,USDT,49574.69712461,49591.26451900837,1.00033419053185,,,,
SELINVG,BINANCE,selini5@hiddenroad.com,AccountType.MAIN,USDT,60000.0,60020.05143191099,1.00033419053185,,,,
SELINVG,BINANCE,selini5@hiddenroad.com,AccountType.UMFUTURE,USDT,51009.94783276,51026.99487435587,1.00033419053185,,,,
SELINVG,BINANCE,selini6@hiddenroad.com,AccountType.MAIN,USDT,60000.0,60020.05143191099,1.00033419053185,,,,
SELINVG,BINANCE,selini6@hiddenroad.com,AccountType.UMFUTURE,USDT,50375.74974096,50392.584839558265,1.00033419053185,,,,
SELINVG,BINANCE,selini7@hiddenroad.com,AccountType.MAIN,USDT,80000.0,80026.73524254799,1.00033419053185,,,,
SELINVG,BINANCE,selini7@hiddenroad.com,AccountType.UMFUTURE,USDT,52093.80757366,52111.216830919126,1.00033419053185,,,,
SELINVG,BINANCE,selini8@hiddenroad.com,AccountType.MAIN,USDT,60000.0,60020.05143191099,1.00033419053185,,,,
SELINVG,BINANCE,selini8@hiddenroad.com,AccountType.UMFUTURE,USDT,49789.52337045,49806.16255774572,1.00033419053185,,,,
SELINVG,BINANCE,selini9@hiddenroad.com,AccountType.MAIN,USDT,110000.0,110036.7609585035,1.00033419053185,,,,
SELINVG,BINANCE,selini9@hiddenroad.com,AccountType.UMFUTURE,USDT,49978.86273904,49995.565201760015,1.00033419053185,,,,
SELINVG,FTX,SELINVG1,AccountType.UNIVERSAL,BTC,3.77e-05,1.5719243531847469,41695.6061852718,,,,
SELINVG,FTX,SELINVG1,AccountType.UNIVERSAL,ETH,2.17e-05,0.0676370390632963,3116.91424254822,,,,
SELINVG,FTX,SELINVG1,AccountType.UNIVERSAL,SOL,0.002152,0.292444174024317,135.894132910928,,,,
SELINVG,FTX,SELINVG1,AccountType.UNIVERSAL,USD,855409.73971257,855409.73971257,1.0,,,,
SELINVG,FTX,SELINVG1,AccountType.UNIVERSAL,USDT,1000.0,1000.33419053185,1.00033419053185,,,,
SELINVG,FTX,SELINVG10,AccountType.UNIVERSAL,BTC,0.19877802,8288.17004020808,41695.6061852718,,,,
SELINVG,FTX,SELINVG10,AccountType.UNIVERSAL,DOGE,0.7707,0.1249668606468164,0.16214721765514,,,,
SELINVG,FTX,SELINVG10,AccountType.UNIVERSAL,ETH,3.681921,11476.232004837384,3116.91424254822,,,,
SELINVG,FTX,SELINVG10,AccountType.UNIVERSAL,SOL,236.028086,32074.832089595944,135.894132910928,,,,
SELINVG,FTX,SELINVG10,AccountType.UNIVERSAL,USD,2907.36008447,2907.36008447,1.0,,,,
SELINVG,FTX,SELINVG10,AccountType.UNIVERSAL,USDT,36377.78316585,36389.94027655372,1.00033419053185,,,,
SELINVG,FTX,SELINVG2,AccountType.UNIVERSAL,BTC,0.29684868,12377.285657897768,41695.6061852718,,,,
SELINVG,FTX,SELINVG2,AccountType.UNIVERSAL,ETH,1.2524898,3903.9032962663714,3116.91424254822,,,,
SELINVG,FTX,SELINVG2,AccountType.UNIVERSAL,SOL,155.29832,21104.130538923822,135.894132910928,,,,
SELINVG,FTX,SELINVG2,AccountType.UNIVERSAL,USD,40673.53130592,40673.53130592,1.0,,,,
SELINVG,FTX,SELINVG2,AccountType.UNIVERSAL,XRP,10069.3903,7441.400142936744,0.739011987939006,,,,
SELINVG,FTX,SELINVG3,AccountType.UNIVERSAL,BTC,0.075222,3136.4268884685152,41695.6061852718,,,,
SELINVG,FTX,SELINVG3,AccountType.UNIVERSAL,USD,110854.16822885,110854.16822885,1.0,,,,
SELINVG,FTX,SELINVG3,AccountType.UNIVERSAL,USDT,-4669.60668943,-4671.16722777307,1.00033419053185,,,,
SELINVG,FTX,SELINVG4,AccountType.UNIVERSAL,BTC,9.273e-05,3.8664335615602536,41695.6061852718,,,,
SELINVG,FTX,SELINVG4,AccountType.UNIVERSAL,USD,78737.86377261,78737.86377261,1.0,,,,
SELINVG,FTX,SELINVG4,AccountType.UNIVERSAL,USDT,28442.33289227,28451.83805062632,1.00033419053185,,,,
SELINVG,FTX,SELINVG5,AccountType.UNIVERSAL,BTC,-1.282e-05,-0.5345376712951844,41695.6061852718,,,,
SELINVG,FTX,SELINVG5,AccountType.UNIVERSAL,ETH,0.00090364,2.816568386136274,3116.91424254822,,,,
SELINVG,FTX,SELINVG5,AccountType.UNIVERSAL,SOL,-0.00040797,-0.0554407294036712,135.894132910928,,,,
SELINVG,FTX,SELINVG5,AccountType.UNIVERSAL,USD,100611.8709347,100611.8709347,1.0,,,,
SELINVG,FTX,SELINVG5,AccountType.UNIVERSAL,USDT,103.37321622,103.4077625701076,1.00033419053185,,,,
SELINVG,FTX,SELINVG5,AccountType.UNIVERSAL,XRP,-0.33608948,-0.2483741547401868,0.739011987939006,,,,
SELINVG,FTX,SELINVG6,AccountType.UNIVERSAL,ETH,0.0006219,1.938408967440738,3116.91424254822,,,,
SELINVG,FTX,SELINVG6,AccountType.UNIVERSAL,USD,110985.14822048,110985.14822048,1.0,,,,
SELINVG,FTX,SELINVG7,AccountType.UNIVERSAL,LINK,0.02151,0.4679195102826453,21.7535802083982,,,,
SELINVG,FTX,SELINVG7,AccountType.UNIVERSAL,USD,112115.60289883,112115.60289883,1.0,,,,
SELINVG,FTX,SELINVG8,AccountType.UNIVERSAL,BTC,5.057e-05,2.108546804789195,41695.6061852718,,,,
SELINVG,FTX,SELINVG8,AccountType.UNIVERSAL,ETH,0.0024869,7.751454029793168,3116.91424254822,,,,
SELINVG,FTX,SELINVG8,AccountType.UNIVERSAL,SOL,302.338217,41085.989845050986,135.894132910928,,,,
SELINVG,FTX,SELINVG8,AccountType.UNIVERSAL,USD,37601.82268603,37601.82268603,1.0,,,,
SELINVG,FTX,SELINVG8,AccountType.UNIVERSAL,USDT,-4408.88361106,-4410.357018218844,1.00033419053185,,,,
SELINVG,FTX,SELINVG8,AccountType.UNIVERSAL,XRP,0.8472,0.6260909561819259,0.739011987939006,,,,
SELINVG,FTX,SELINVG9,AccountType.UNIVERSAL,BTC,0.2189856,9130.737337845456,41695.6061852718,,,,
SELINVG,FTX,SELINVG9,AccountType.UNIVERSAL,ETH,10.5603542,32915.71841233392,3116.91424254822,,,,
SELINVG,FTX,SELINVG9,AccountType.UNIVERSAL,SOL,445.525744,60544.33467037608,135.894132910928,,,,
SELINVG,FTX,SELINVG9,AccountType.UNIVERSAL,USD,-44461.10652125,-44461.10652125,1.0,,,,
SELINVG,FTX,SELINVG9,AccountType.UNIVERSAL,USDT,-4993.57310622,-4995.241911072199,1.00033419053185,,,,
SELINVG,FTX,SELINVG9,AccountType.UNIVERSAL,XRP,29249.0154,21615.373016012603,0.739011987939006,,,,
SELINVG,HRP,Main Account,AccountType.MAIN,BTC,0.0,0.0,,,,,
SELINVG,HRP,Main Account,AccountType.MAIN,USD,-5205783.805886951,-5205783.805886951,,-472.98104032198427,-472.98104032198427,,-5205310.824846629
SELINVG,HRP,Main Account,AccountType.MAIN,USDC,3597055.47914586,3596619.82710858,,,,,
SELINVG,HRP,Main Account,AccountType.MAIN,USDT,172000.0,172057.48077147818,,-47024.77000000002,-47030.798570017294,,219024.77000000002
SELMMVG,BINANCE,hrp_95778950331@hiddenroad.com,AccountType.MAIN,BTC,0.74843996,31206.65782548058,41695.6061852718,,,,
SELMMVG,BINANCE,hrp_95778950331@hiddenroad.com,AccountType.MAIN,BUSD,48169.17373712,48171.471853404095,1.0000477092735,,,,
SELMMVG,BINANCE,hrp_95778950331@hiddenroad.com,AccountType.MAIN,ETH,10.0845,31432.52167897753,3116.91424254822,,,,
SELMMVG,BINANCE,hrp_95778950331@hiddenroad.com,AccountType.MAIN,EUR,41244.745202,46790.20179557558,1.13445243912688,,,,
SELMMVG,BINANCE,hrp_95778950331@hiddenroad.com,AccountType.MAIN,USDT,0.218628,0.2187010634075972,1.00033419053185,,,,
SELMMVG,BINANCE,hrp_95778950331@hiddenroad.com,AccountType.UMFUTURE,USDT,40146.61768501,40160.03430452613,1.00033419053185,,,,
SELMMVG,BINANCE,hrp_95778950332@hiddenroad.com,AccountType.MAIN,BTC,0.65944,27495.75054281564,41695.6061852718,,,,
SELMMVG,BINANCE,hrp_95778950332@hiddenroad.com,AccountType.MAIN,BUSD,49144.16487808,49146.50951048311,1.0000477092735,,,,
SELMMVG,BINANCE,hrp_95778950332@hiddenroad.com,AccountType.MAIN,ETH,9.4373,29415.25478120032,3116.91424254822,,,,
SELMMVG,BINANCE,hrp_95778950332@hiddenroad.com,AccountType.MAIN,EUR,45258.11976415,51343.18435673642,1.13445243912688,,,,
SELMMVG,BINANCE,hrp_95778950332@hiddenroad.com,AccountType.MAIN,USDT,0.2416,0.2416807404324949,1.00033419053185,,,,
SELMMVG,BINANCE,hrp_95778950332@hiddenroad.com,AccountType.UMFUTURE,USDT,40146.44586332,40159.86242541495,1.00033419053185,,,,
SELMMVG,BINANCE,hrp_95778950333@hiddenroad.com,AccountType.MAIN,ADA,8036.784,10838.829603881486,1.34865259584947,,,,
SELMMVG,BINANCE,hrp_95778950333@hiddenroad.com,AccountType.MAIN,DOT,301.311712,7278.557715413488,24.156238956332,,,,
SELMMVG,BINANCE,hrp_95778950333@hiddenroad.com,AccountType.MAIN,ETH,4.01751308,12522.243738675765,3116.91424254822,,,,
SELMMVG,BINANCE,hrp_95778950333@hiddenroad.com,AccountType.MAIN,FIL,60.27588,1685.9531031317576,27.9706095229428,,,,
SELMMVG,BINANCE,hrp_95778950333@hiddenroad.com,AccountType.MAIN,LINK,301.3794,6556.080951058924,21.7535802083982,,,,
SELMMVG,BINANCE,hrp_95778950333@hiddenroad.com,AccountType.MAIN,LTC,30.13794,4127.897592415324,136.966813007635,,,,
SELMMVG,BINANCE,hrp_95778950333@hiddenroad.com,AccountType.MAIN,OMG,602.87096,3338.8143483350004,5.53819070723692,,,,
SELMMVG,BINANCE,hrp_95778950333@hiddenroad.com,AccountType.MAIN,USDT,104283.69876321,104318.54938796296,1.00033419053185,,,,
SELMMVG,BINANCE,hrp_95778950333@hiddenroad.com,AccountType.MAIN,XRP,7832.5708,5788.363717581011,0.739011987939006,,,,
SELMMVG,BINANCE,hrp_95778950333@hiddenroad.com,AccountType.UMFUTURE,USDT,40031.26607974,40044.64414984181,1.00033419053185,,,,
SELMMVG,HRP,Main Account,AccountType.MAIN,USDT,-600000.0,-600200.51431911,,,,,
TOKENVG,BINANCE,hrp_73561750881@hiddenroad.com,AccountType.MAIN,USDT,20000000.0,20006683.810637,1.00033419053185,6066599.05546389,6067376.792753675,1.00012819988311,13933400.94453611
TOKENVG,FTX,TOKENVG1,AccountType.UNIVERSAL,USD,20000000.0,20000000.0,1.0,20252882.07652577,20252882.07652577,1.0,-252882.07652577013
TOKENVG,HRP,Main Account,AccountType.MAIN,USD,-20018090.987380568,-20018090.987380568,,-20558623.21260098,-20558623.21260098,,540532.225220412
TOKENVG,HRP,Main Account,AccountType.MAIN,USDT,-10000000.0,-10003341.9053185,,-10000000.0,-10001281.9988311,,0.0
XMONEVG,FTX,XMONEVG1,AccountType.UNIVERSAL,ETH,0.227,707.539533058446,3116.91424254822,0.227,581.790573694973,2562.95406914085,0.0
XMONEVG,FTX,XMONEVG1,AccountType.UNIVERSAL,USD,-15262.36737492,-15262.36737492,1.0,-21739.87796329,-21739.87796329,1.0,6477.51058837
XMONEVG,FTX,XMONEVG1,AccountType.UNIVERSAL,USDT,50005.0,50021.71119754516,1.00033419053185,50005.0,50011.41063515491,1.00012819988311,0.0
XMONEVG,HRP,Main Account,AccountType.MAIN,ETH,-0.001,-3.11691424254822,,,,,
XMONEVG,HRP,Main Account,AccountType.MAIN,USD,67806.0129110431,67806.0129110431,,61847.698281418285,61847.698281418285,,5958.314629624816
XMONEVG,HRP,Main Account,AccountType.MAIN,USDT,-3100005.0,-3101040.9923196877,,-50005.0,-50011.41063515491,,-3050000.0
XMONEVG,OKEX,XMONEVG1,AccountType.MAIN,ETH,0.001,3.11691424254822,3116.91424254822,0.001,2.5629540691408503,2562.95406914085,0.0
XMONEVG,OKEX,XMONEVG1,AccountType.MAIN,USDT,0.999985,1.000319185518992,1.00033419053185,0.999985,1.0001131979601117,1.00012819988311,0.0
XMONEVG,OKEX,XMONEVG1,AccountType.UNIVERSAL,BTC,8.131203358777435,339035.4530599433,41695.6061852718,2.313851764533584,89262.19069824576,38577.3160002922,5.817351594243851
XMONEVG,OKEX,XMONEVG1,AccountType.UNIVERSAL,ETH,198.12062985676403,617525.012943172,3116.91424254822,-18.638200872778185,-47768.8527683514,2562.95406914085,216.7588307295422
XMONEVG,OKEX,XMONEVG1,AccountType.UNIVERSAL,USDT,3051893.21350514,3052913.12732131,1.00033419053185,963311.078990812,963434.5753585371,1.00012819988311,2088582.134514328
